fecha,anio,mes,dia,mes_nombre,dia_semana,tipo,motivo
2026-01-01,2026,1,1,Enero,Jueves,feriado,Año Nuevo
2026-01-02,2026,1,2,Enero,Viernes,clases,
2026-01-03,2026,1,3,Enero,Sábado,fin_semana,
2026-01-04,2026,1,4,Enero,Domingo,fin_semana,
2026-01-05,2026,1,5,Enero,Lunes,clases,
2026-01-06,2026,1,6,Enero,Martes,clases,
2026-01-07,2026,1,7,Enero,Miércoles,clases,
2026-01-08,2026,1,8,Enero,Jueves,clases,
2026-01-09,2026,1,9,Enero,Viernes,clases,
2026-01-10,2026,1,10,Enero,Sábado,fin_semana,
2026-01-11,2026,1,11,Enero,Domingo,fin_semana,
2026-01-12,2026,1,12,Enero,Lunes,clases,
2026-01-13,2026,1,13,Enero,Martes,clases,
2026-01-14,2026,1,14,Enero,Miércoles,clases,
2026-01-15,2026,1,15,Enero,Jueves,clases,
2026-01-16,2026,1,16,Enero,Viernes,clases,
2026-01-17,2026,1,17,Enero,Sábado,fin_semana,
2026-01-18,2026,1,18,Enero,Domingo,fin_semana,
2026-01-19,2026,1,19,Enero,Lunes,clases,
2026-01-20,2026,1,20,Enero,Martes,clases,
2026-01-21,2026,1,21,Enero,Miércoles,clases,
2026-01-22,2026,1,22,Enero,Jueves,clases,
2026-01-23,2026,1,23,Enero,Viernes,clases,
2026-01-24,2026,1,24,Enero,Sábado,fin_semana,
2026-01-25,2026,1,25,Enero,Domingo,fin_semana,
2026-01-26,2026,1,26,Enero,Lunes,clases,
2026-01-27,2026,1,27,Enero,Martes,clases,
2026-01-28,2026,1,28,Enero,Miércoles,clases,
2026-01-29,2026,1,29,Enero,Jueves,clases,
2026-01-30,2026,1,30,Enero,Viernes,clases,
2026-01-31,2026,1,31,Enero,Sábado,fin_semana,
2026-02-01,2026,2,1,Febrero,Domingo,fin_semana,
2026-02-02,2026,2,2,Febrero,Lunes,feriado,Constitución
2026-02-03,2026,2,3,Febrero,Martes,clases,
2026-02-04,2026,2,4,Febrero,Miércoles,clases,
2026-02-05,2026,2,5,Febrero,Jueves,clases,
2026-02-06,2026,2,6,Febrero,Viernes,clases,
2026-02-07,2026,2,7,Febrero,Sábado,fin_semana,
2026-02-08,2026,2,8,Febrero,Domingo,fin_semana,
2026-02-09,2026,2,9,Febrero,Lunes,clases,
2026-02-10,2026,2,10,Febrero,Martes,clases,
2026-02-11,2026,2,11,Febrero,Miércoles,clases,
2026-02-12,2026,2,12,Febrero,Jueves,clases,
2026-02-13,2026,2,13,Febrero,Viernes,clases,
2026-02-14,2026,2,14,Febrero,Sábado,fin_semana,
2026-02-15,2026,2,15,Febrero,Domingo,fin_semana,
2026-02-16,2026,2,16,Febrero,Lunes,clases,
2026-02-17,2026,2,17,Febrero,Martes,clases,
2026-02-18,2026,2,18,Febrero,Miércoles,clases,
2026-02-19,2026,2,19,Febrero,Jueves,clases,
2026-02-20,2026,2,20,Febrero,Viernes,clases,
2026-02-21,2026,2,21,Febrero,Sábado,fin_semana,
2026-02-22,2026,2,22,Febrero,Domingo,fin_semana,
2026-02-23,2026,2,23,Febrero,Lunes,clases,
2026-02-24,2026,2,24,Febrero,Martes,clases,
2026-02-25,2026,2,25,Febrero,Miércoles,clases,
2026-02-26,2026,2,26,Febrero,Jueves,clases,
2026-02-27,2026,2,27,Febrero,Viernes,clases,
2026-02-28,2026,2,28,Febrero,Sábado,fin_semana,
2026-03-01,2026,3,1,Marzo,Domingo,fin_semana,
2026-03-02,2026,3,2,Marzo,Lunes,clases,
2026-03-03,2026,3,3,Marzo,Martes,clases,
2026-03-04,2026,3,4,Marzo,Miércoles,clases,
2026-03-05,2026,3,5,Marzo,Jueves,clases,
2026-03-06,2026,3,6,Marzo,Viernes,clases,
2026-03-07,2026,3,7,Marzo,Sábado,fin_semana,
2026-03-08,2026,3,8,Marzo,Domingo,fin_semana,
2026-03-09,2026,3,9,Marzo,Lunes,clases,
2026-03-10,2026,3,10,Marzo,Martes,clases,
2026-03-11,2026,3,11,Marzo,Miércoles,clases,
2026-03-12,2026,3,12,Marzo,Jueves,clases,
2026-03-13,2026,3,13,Marzo,Viernes,clases,
2026-03-14,2026,3,14,Marzo,Sábado,fin_semana,
2026-03-15,2026,3,15,Marzo,Domingo,fin_semana,
2026-03-16,2026,3,16,Marzo,Lunes,feriado,Benito Juárez
2026-03-17,2026,3,17,Marzo,Martes,clases,
2026-03-18,2026,3,18,Marzo,Miércoles,clases,
2026-03-19,2026,3,19,Marzo,Jueves,clases,
2026-03-20,2026,3,20,Marzo,Viernes,clases,
2026-03-21,2026,3,21,Marzo,Sábado,fin_semana,
2026-03-22,2026,3,22,Marzo,Domingo,fin_semana,
2026-03-23,2026,3,23,Marzo,Lunes,clases,
2026-03-24,2026,3,24,Marzo,Martes,clases,
2026-03-25,2026,3,25,Marzo,Miércoles,clases,
2026-03-26,2026,3,26,Marzo,Jueves,clases,
2026-03-27,2026,3,27,Marzo,Viernes,clases,
2026-03-28,2026,3,28,Marzo,Sábado,fin_semana,
2026-03-29,2026,3,29,Marzo,Domingo,fin_semana,
2026-03-30,2026,3,30,Marzo,Lunes,clases,
2026-03-31,2026,3,31,Marzo,Martes,clases,
2026-04-01,2026,4,1,Abril,Miércoles,clases,
2026-04-02,2026,4,2,Abril,Jueves,clases,
2026-04-03,2026,4,3,Abril,Viernes,clases,
2026-04-04,2026,4,4,Abril,Sábado,fin_semana,
2026-04-05,2026,4,5,Abril,Domingo,fin_semana,
2026-04-06,2026,4,6,Abril,Lunes,clases,
2026-04-07,2026,4,7,Abril,Martes,clases,
2026-04-08,2026,4,8,Abril,Miércoles,clases,
2026-04-09,2026,4,9,Abril,Jueves,clases,
2026-04-10,2026,4,10,Abril,Viernes,clases,
2026-04-11,2026,4,11,Abril,Sábado,fin_semana,
2026-04-12,2026,4,12,Abril,Domingo,fin_semana,
2026-04-13,2026,4,13,Abril,Lunes,clases,
2026-04-14,2026,4,14,Abril,Martes,clases,
2026-04-15,2026,4,15,Abril,Miércoles,clases,
2026-04-16,2026,4,16,Abril,Jueves,clases,
2026-04-17,2026,4,17,Abril,Viernes,clases,
2026-04-18,2026,4,18,Abril,Sábado,fin_semana,
2026-04-19,2026,4,19,Abril,Domingo,fin_semana,
2026-04-20,2026,4,20,Abril,Lunes,clases,
2026-04-21,2026,4,21,Abril,Martes,clases,
2026-04-22,2026,4,22,Abril,Miércoles,clases,
2026-04-23,2026,4,23,Abril,Jueves,clases,
2026-04-24,2026,4,24,Abril,Viernes,clases,
2026-04-25,2026,4,25,Abril,Sábado,fin_semana,
2026-04-26,2026,4,26,Abril,Domingo,fin_semana,
2026-04-27,2026,4,27,Abril,Lunes,clases,
2026-04-28,2026,4,28,Abril,Martes,clases,
2026-04-29,2026,4,29,Abril,Miércoles,clases,
2026-04-30,2026,4,30,Abril,Jueves,clases,
2026-05-01,2026,5,1,Mayo,Viernes,feriado,Día del Trabajo
2026-05-02,2026,5,2,Mayo,Sábado,fin_semana,
2026-05-03,2026,5,3,Mayo,Domingo,fin_semana,
2026-05-04,2026,5,4,Mayo,Lunes,clases,
2026-05-05,2026,5,5,Mayo,Martes,clases,
2026-05-06,2026,5,6,Mayo,Miércoles,clases,
2026-05-07,2026,5,7,Mayo,Jueves,clases,
2026-05-08,2026,5,8,Mayo,Viernes,clases,
2026-05-09,2026,5,9,Mayo,Sábado,fin_semana,
2026-05-10,2026,5,10,Mayo,Domingo,fin_semana,
2026-05-11,2026,5,11,Mayo,Lunes,clases,
2026-05-12,2026,5,12,Mayo,Martes,clases,
2026-05-13,2026,5,13,Mayo,Miércoles,clases,
2026-05-14,2026,5,14,Mayo,Jueves,clases,
2026-05-15,2026,5,15,Mayo,Viernes,clases,
2026-05-16,2026,5,16,Mayo,Sábado,fin_semana,
2026-05-17,2026,5,17,Mayo,Domingo,fin_semana,
2026-05-18,2026,5,18,Mayo,Lunes,clases,
2026-05-19,2026,5,19,Mayo,Martes,clases,
2026-05-20,2026,5,20,Mayo,Miércoles,clases,
2026-05-21,2026,5,21,Mayo,Jueves,clases,
2026-05-22,2026,5,22,Mayo,Viernes,clases,
2026-05-23,2026,5,23,Mayo,Sábado,fin_semana,
2026-05-24,2026,5,24,Mayo,Domingo,fin_semana,
2026-05-25,2026,5,25,Mayo,Lunes,clases,
2026-05-26,2026,5,26,Mayo,Martes,clases,
2026-05-27,2026,5,27,Mayo,Miércoles,clases,
2026-05-28,2026,5,28,Mayo,Jueves,clases,
2026-05-29,2026,5,29,Mayo,Viernes,clases,
2026-05-30,2026,5,30,Mayo,Sábado,fin_semana,
2026-05-31,2026,5,31,Mayo,Domingo,fin_semana,
2026-06-01,2026,6,1,Junio,Lunes,clases,
2026-06-02,2026,6,2,Junio,Martes,clases,
2026-06-03,2026,6,3,Junio,Miércoles,clases,
2026-06-04,2026,6,4,Junio,Jueves,clases,
2026-06-05,2026,6,5,Junio,Viernes,clases,
2026-06-06,2026,6,6,Junio,Sábado,fin_semana,
2026-06-07,2026,6,7,Junio,Domingo,fin_semana,
2026-06-08,2026,6,8,Junio,Lunes,clases,
2026-06-09,2026,6,9,Junio,Martes,clases,
2026-06-10,2026,6,10,Junio,Miércoles,clases,
2026-06-11,2026,6,11,Junio,Jueves,clases,
2026-06-12,2026,6,12,Junio,Viernes,clases,
2026-06-13,2026,6,13,Junio,Sábado,fin_semana,
2026-06-14,2026,6,14,Junio,Domingo,fin_semana,
2026-06-15,2026,6,15,Junio,Lunes,clases,
2026-06-16,2026,6,16,Junio,Martes,clases,
2026-06-17,2026,6,17,Junio,Miércoles,clases,
2026-06-18,2026,6,18,Junio,Jueves,clases,
2026-06-19,2026,6,19,Junio,Viernes,clases,
2026-06-20,2026,6,20,Junio,Sábado,fin_semana,
2026-06-21,2026,6,21,Junio,Domingo,fin_semana,
2026-06-22,2026,6,22,Junio,Lunes,clases,
2026-06-23,2026,6,23,Junio,Martes,clases,
2026-06-24,2026,6,24,Junio,Miércoles,clases,
2026-06-25,2026,6,25,Junio,Jueves,clases,
2026-06-26,2026,6,26,Junio,Viernes,clases,
2026-06-27,2026,6,27,Junio,Sábado,fin_semana,
2026-06-28,2026,6,28,Junio,Domingo,fin_semana,
2026-06-29,2026,6,29,Junio,Lunes,clases,
2026-06-30,2026,6,30,Junio,Martes,clases,
2026-07-01,2026,7,1,Julio,Miércoles,clases,
2026-07-02,2026,7,2,Julio,Jueves,clases,
2026-07-03,2026,7,3,Julio,Viernes,clases,
2026-07-04,2026,7,4,Julio,Sábado,fin_semana,
2026-07-05,2026,7,5,Julio,Domingo,fin_semana,
2026-07-06,2026,7,6,Julio,Lunes,clases,
2026-07-07,2026,7,7,Julio,Martes,clases,
2026-07-08,2026,7,8,Julio,Miércoles,clases,
2026-07-09,2026,7,9,Julio,Jueves,clases,
2026-07-10,2026,7,10,Julio,Viernes,clases,
2026-07-11,2026,7,11,Julio,Sábado,fin_semana,
2026-07-12,2026,7,12,Julio,Domingo,fin_semana,
2026-07-13,2026,7,13,Julio,Lunes,clases,
2026-07-14,2026,7,14,Julio,Martes,clases,
2026-07-15,2026,7,15,Julio,Miércoles,clases,
2026-07-16,2026,7,16,Julio,Jueves,clases,
2026-07-17,2026,7,17,Julio,Viernes,clases,
2026-07-18,2026,7,18,Julio,Sábado,fin_semana,
2026-07-19,2026,7,19,Julio,Domingo,fin_semana,
2026-07-20,2026,7,20,Julio,Lunes,clases,
2026-07-21,2026,7,21,Julio,Martes,clases,
2026-07-22,2026,7,22,Julio,Miércoles,clases,
2026-07-23,2026,7,23,Julio,Jueves,clases,
2026-07-24,2026,7,24,Julio,Viernes,clases,
2026-07-25,2026,7,25,Julio,Sábado,fin_semana,
2026-07-26,2026,7,26,Julio,Domingo,fin_semana,
2026-07-27,2026,7,27,Julio,Lunes,clases,
2026-07-28,2026,7,28,Julio,Martes,clases,
2026-07-29,2026,7,29,Julio,Miércoles,clases,
2026-07-30,2026,7,30,Julio,Jueves,clases,
2026-07-31,2026,7,31,Julio,Viernes,clases,
2026-08-01,2026,8,1,Agosto,Sábado,fin_semana,
2026-08-02,2026,8,2,Agosto,Domingo,fin_semana,
2026-08-03,2026,8,3,Agosto,Lunes,clases,
2026-08-04,2026,8,4,Agosto,Martes,clases,
2026-08-05,2026,8,5,Agosto,Miércoles,clases,
2026-08-06,2026,8,6,Agosto,Jueves,clases,
2026-08-07,2026,8,7,Agosto,Viernes,clases,
2026-08-08,2026,8,8,Agosto,Sábado,fin_semana,
2026-08-09,2026,8,9,Agosto,Domingo,fin_semana,
2026-08-10,2026,8,10,Agosto,Lunes,clases,
2026-08-11,2026,8,11,Agosto,Martes,clases,
2026-08-12,2026,8,12,Agosto,Miércoles,clases,
2026-08-13,2026,8,13,Agosto,Jueves,clases,
2026-08-14,2026,8,14,Agosto,Viernes,clases,
2026-08-15,2026,8,15,Agosto,Sábado,fin_semana,
2026-08-16,2026,8,16,Agosto,Domingo,fin_semana,
2026-08-17,2026,8,17,Agosto,Lunes,clases,
2026-08-18,2026,8,18,Agosto,Martes,clases,
2026-08-19,2026,8,19,Agosto,Miércoles,clases,
2026-08-20,2026,8,20,Agosto,Jueves,clases,
2026-08-21,2026,8,21,Agosto,Viernes,clases,
2026-08-22,2026,8,22,Agosto,Sábado,fin_semana,
2026-08-23,2026,8,23,Agosto,Domingo,fin_semana,
2026-08-24,2026,8,24,Agosto,Lunes,clases,
2026-08-25,2026,8,25,Agosto,Martes,clases,
2026-08-26,2026,8,26,Agosto,Miércoles,clases,
2026-08-27,2026,8,27,Agosto,Jueves,clases,
2026-08-28,2026,8,28,Agosto,Viernes,clases,
2026-08-29,2026,8,29,Agosto,Sábado,fin_semana,
2026-08-30,2026,8,30,Agosto,Domingo,fin_semana,
2026-08-31,2026,8,31,Agosto,Lunes,clases,
2026-09-01,2026,9,1,Septiembre,Martes,clases,
2026-09-02,2026,9,2,Septiembre,Miércoles,clases,
2026-09-03,2026,9,3,Septiembre,Jueves,clases,
2026-09-04,2026,9,4,Septiembre,Viernes,clases,
2026-09-05,2026,9,5,Septiembre,Sábado,fin_semana,
2026-09-06,2026,9,6,Septiembre,Domingo,fin_semana,
2026-09-07,2026,9,7,Septiembre,Lunes,clases,
2026-09-08,2026,9,8,Septiembre,Martes,clases,
2026-09-09,2026,9,9,Septiembre,Miércoles,clases,
2026-09-10,2026,9,10,Septiembre,Jueves,clases,
2026-09-11,2026,9,11,Septiembre,Viernes,clases,
2026-09-12,2026,9,12,Septiembre,Sábado,fin_semana,
2026-09-13,2026,9,13,Septiembre,Domingo,fin_semana,
2026-09-14,2026,9,14,Septiembre,Lunes,clases,
2026-09-15,2026,9,15,Septiembre,Martes,clases,
2026-09-16,2026,9,16,Septiembre,Miércoles,feriado,Independencia
2026-09-17,2026,9,17,Septiembre,Jueves,clases,
2026-09-18,2026,9,18,Septiembre,Viernes,clases,
2026-09-19,2026,9,19,Septiembre,Sábado,fin_semana,
2026-09-20,2026,9,20,Septiembre,Domingo,fin_semana,
2026-09-21,2026,9,21,Septiembre,Lunes,clases,
2026-09-22,2026,9,22,Septiembre,Martes,clases,
2026-09-23,2026,9,23,Septiembre,Miércoles,clases,
2026-09-24,2026,9,24,Septiembre,Jueves,clases,
2026-09-25,2026,9,25,Septiembre,Viernes,clases,
2026-09-26,2026,9,26,Septiembre,Sábado,fin_semana,
2026-09-27,2026,9,27,Septiembre,Domingo,fin_semana,
2026-09-28,2026,9,28,Septiembre,Lunes,clases,
2026-09-29,2026,9,29,Septiembre,Martes,clases,
2026-09-30,2026,9,30,Septiembre,Miércoles,clases,
2026-10-01,2026,10,1,Octubre,Jueves,clases,
2026-10-02,2026,10,2,Octubre,Viernes,clases,
2026-10-03,2026,10,3,Octubre,Sábado,fin_semana,
2026-10-04,2026,10,4,Octubre,Domingo,fin_semana,
2026-10-05,2026,10,5,Octubre,Lunes,clases,
2026-10-06,2026,10,6,Octubre,Martes,clases,
2026-10-07,2026,10,7,Octubre,Miércoles,clases,
2026-10-08,2026,10,8,Octubre,Jueves,clases,
2026-10-09,2026,10,9,Octubre,Viernes,clases,
2026-10-10,2026,10,10,Octubre,Sábado,fin_semana,
2026-10-11,2026,10,11,Octubre,Domingo,fin_semana,
2026-10-12,2026,10,12,Octubre,Lunes,clases,
2026-10-13,2026,10,13,Octubre,Martes,clases,
2026-10-14,2026,10,14,Octubre,Miércoles,clases,
2026-10-15,2026,10,15,Octubre,Jueves,clases,
2026-10-16,2026,10,16,Octubre,Viernes,clases,
2026-10-17,2026,10,17,Octubre,Sábado,fin_semana,
2026-10-18,2026,10,18,Octubre,Domingo,fin_semana,
2026-10-19,2026,10,19,Octubre,Lunes,clases,
2026-10-20,2026,10,20,Octubre,Martes,clases,
2026-10-21,2026,10,21,Octubre,Miércoles,clases,
2026-10-22,2026,10,22,Octubre,Jueves,clases,
2026-10-23,2026,10,23,Octubre,Viernes,clases,
2026-10-24,2026,10,24,Octubre,Sábado,fin_semana,
2026-10-25,2026,10,25,Octubre,Domingo,fin_semana,
2026-10-26,2026,10,26,Octubre,Lunes,clases,
2026-10-27,2026,10,27,Octubre,Martes,clases,
2026-10-28,2026,10,28,Octubre,Miércoles,clases,
2026-10-29,2026,10,29,Octubre,Jueves,clases,
2026-10-30,2026,10,30,Octubre,Viernes,clases,
2026-10-31,2026,10,31,Octubre,Sábado,fin_semana,
2026-11-01,2026,11,1,Noviembre,Domingo,fin_semana,
2026-11-02,2026,11,2,Noviembre,Lunes,clases,
2026-11-03,2026,11,3,Noviembre,Martes,clases,
2026-11-04,2026,11,4,Noviembre,Miércoles,clases,
2026-11-05,2026,11,5,Noviembre,Jueves,clases,
2026-11-06,2026,11,6,Noviembre,Viernes,clases,
2026-11-07,2026,11,7,Noviembre,Sábado,fin_semana,
2026-11-08,2026,11,8,Noviembre,Domingo,fin_semana,
2026-11-09,2026,11,9,Noviembre,Lunes,clases,
2026-11-10,2026,11,10,Noviembre,Martes,clases,
2026-11-11,2026,11,11,Noviembre,Miércoles,clases,
2026-11-12,2026,11,12,Noviembre,Jueves,clases,
2026-11-13,2026,11,13,Noviembre,Viernes,clases,
2026-11-14,2026,11,14,Noviembre,Sábado,fin_semana,
2026-11-15,2026,11,15,Noviembre,Domingo,fin_semana,
2026-11-16,2026,11,16,Noviembre,Lunes,feriado,Revolución Mexicana
2026-11-17,2026,11,17,Noviembre,Martes,clases,
2026-11-18,2026,11,18,Noviembre,Miércoles,clases,
2026-11-19,2026,11,19,Noviembre,Jueves,clases,
2026-11-20,2026,11,20,Noviembre,Viernes,clases,
2026-11-21,2026,11,21,Noviembre,Sábado,fin_semana,
2026-11-22,2026,11,22,Noviembre,Domingo,fin_semana,
2026-11-23,2026,11,23,Noviembre,Lunes,clases,
2026-11-24,2026,11,24,Noviembre,Martes,clases,
2026-11-25,2026,11,25,Noviembre,Miércoles,clases,
2026-11-26,2026,11,26,Noviembre,Jueves,clases,
2026-11-27,2026,11,27,Noviembre,Viernes,clases,
2026-11-28,2026,11,28,Noviembre,Sábado,fin_semana,
2026-11-29,2026,11,29,Noviembre,Domingo,fin_semana,
2026-11-30,2026,11,30,Noviembre,Lunes,clases,
2026-12-01,2026,12,1,Diciembre,Martes,clases,
2026-12-02,2026,12,2,Diciembre,Miércoles,clases,
2026-12-03,2026,12,3,Diciembre,Jueves,clases,
2026-12-04,2026,12,4,Diciembre,Viernes,clases,
2026-12-05,2026,12,5,Diciembre,Sábado,fin_semana,
2026-12-06,2026,12,6,Diciembre,Domingo,fin_semana,
2026-12-07,2026,12,7,Diciembre,Lunes,clases,
2026-12-08,2026,12,8,Diciembre,Martes,clases,
2026-12-09,2026,12,9,Diciembre,Miércoles,clases,
2026-12-10,2026,12,10,Diciembre,Jueves,clases,
2026-12-11,2026,12,11,Diciembre,Viernes,clases,
2026-12-12,2026,12,12,Diciembre,Sábado,fin_semana,
2026-12-13,2026,12,13,Diciembre,Domingo,fin_semana,
2026-12-14,2026,12,14,Diciembre,Lunes,clases,
2026-12-15,2026,12,15,Diciembre,Martes,clases,
2026-12-16,2026,12,16,Diciembre,Miércoles,clases,
2026-12-17,2026,12,17,Diciembre,Jueves,clases,
2026-12-18,2026,12,18,Diciembre,Viernes,clases,
2026-12-19,2026,12,19,Diciembre,Sábado,fin_semana,
2026-12-20,2026,12,20,Diciembre,Domingo,fin_semana,
2026-12-21,2026,12,21,Diciembre,Lunes,clases,
2026-12-22,2026,12,22,Diciembre,Martes,clases,
2026-12-23,2026,12,23,Diciembre,Miércoles,clases,
2026-12-24,2026,12,24,Diciembre,Jueves,clases,
2026-12-25,2026,12,25,Diciembre,Viernes,feriado,Navidad
2026-12-26,2026,12,26,Diciembre,Sábado,fin_semana,
2026-12-27,2026,12,27,Diciembre,Domingo,fin_semana,
2026-12-28,2026,12,28,Diciembre,Lunes,clases,
2026-12-29,2026,12,29,Diciembre,Martes,clases,
2026-12-30,2026,12,30,Diciembre,Miércoles,clases,
2026-12-31,2026,12,31,Diciembre,Jueves,clases,
2027-01-01,2027,1,1,Enero,Viernes,feriado,Año Nuevo
2027-01-02,2027,1,2,Enero,Sábado,fin_semana,
2027-01-03,2027,1,3,Enero,Domingo,fin_semana,
2027-01-04,2027,1,4,Enero,Lunes,clases,
2027-01-05,2027,1,5,Enero,Martes,clases,
2027-01-06,2027,1,6,Enero,Miércoles,clases,
2027-01-07,2027,1,7,Enero,Jueves,clases,
2027-01-08,2027,1,8,Enero,Viernes,clases,
2027-01-09,2027,1,9,Enero,Sábado,fin_semana,
2027-01-10,2027,1,10,Enero,Domingo,fin_semana,
2027-01-11,2027,1,11,Enero,Lunes,clases,
2027-01-12,2027,1,12,Enero,Martes,clases,
2027-01-13,2027,1,13,Enero,Miércoles,clases,
2027-01-14,2027,1,14,Enero,Jueves,clases,
2027-01-15,2027,1,15,Enero,Viernes,clases,
2027-01-16,2027,1,16,Enero,Sábado,fin_semana,
2027-01-17,2027,1,17,Enero,Domingo,fin_semana,
2027-01-18,2027,1,18,Enero,Lunes,clases,
2027-01-19,2027,1,19,Enero,Martes,clases,
2027-01-20,2027,1,20,Enero,Miércoles,clases,
2027-01-21,2027,1,21,Enero,Jueves,clases,
2027-01-22,2027,1,22,Enero,Viernes,clases,
2027-01-23,2027,1,23,Enero,Sábado,fin_semana,
2027-01-24,2027,1,24,Enero,Domingo,fin_semana,
2027-01-25,2027,1,25,Enero,Lunes,clases,
2027-01-26,2027,1,26,Enero,Martes,clases,
2027-01-27,2027,1,27,Enero,Miércoles,clases,
2027-01-28,2027,1,28,Enero,Jueves,clases,
2027-01-29,2027,1,29,Enero,Viernes,clases,
2027-01-30,2027,1,30,Enero,Sábado,fin_semana,
2027-01-31,2027,1,31,Enero,Domingo,fin_semana,
2027-02-01,2027,2,1,Febrero,Lunes,feriado,Constitución
2027-02-02,2027,2,2,Febrero,Martes,clases,
2027-02-03,2027,2,3,Febrero,Miércoles,clases,
2027-02-04,2027,2,4,Febrero,Jueves,clases,
2027-02-05,2027,2,5,Febrero,Viernes,clases,
2027-02-06,2027,2,6,Febrero,Sábado,fin_semana,
2027-02-07,2027,2,7,Febrero,Domingo,fin_semana,
2027-02-08,2027,2,8,Febrero,Lunes,clases,
2027-02-09,2027,2,9,Febrero,Martes,clases,
2027-02-10,2027,2,10,Febrero,Miércoles,clases,
2027-02-11,2027,2,11,Febrero,Jueves,clases,
2027-02-12,2027,2,12,Febrero,Viernes,clases,
2027-02-13,2027,2,13,Febrero,Sábado,fin_semana,
2027-02-14,2027,2,14,Febrero,Domingo,fin_semana,
2027-02-15,2027,2,15,Febrero,Lunes,clases,
2027-02-16,2027,2,16,Febrero,Martes,clases,
2027-02-17,2027,2,17,Febrero,Miércoles,clases,
2027-02-18,2027,2,18,Febrero,Jueves,clases,
2027-02-19,2027,2,19,Febrero,Viernes,clases,
2027-02-20,2027,2,20,Febrero,Sábado,fin_semana,
2027-02-21,2027,2,21,Febrero,Domingo,fin_semana,
2027-02-22,2027,2,22,Febrero,Lunes,clases,
2027-02-23,2027,2,23,Febrero,Martes,clases,
2027-02-24,2027,2,24,Febrero,Miércoles,clases,
2027-02-25,2027,2,25,Febrero,Jueves,clases,
2027-02-26,2027,2,26,Febrero,Viernes,clases,
2027-02-27,2027,2,27,Febrero,Sábado,fin_semana,
2027-02-28,2027,2,28,Febrero,Domingo,fin_semana,
2027-03-01,2027,3,1,Marzo,Lunes,clases,
2027-03-02,2027,3,2,Marzo,Martes,clases,
2027-03-03,2027,3,3,Marzo,Miércoles,clases,
2027-03-04,2027,3,4,Marzo,Jueves,clases,
2027-03-05,2027,3,5,Marzo,Viernes,clases,
2027-03-06,2027,3,6,Marzo,Sábado,fin_semana,
2027-03-07,2027,3,7,Marzo,Domingo,fin_semana,
2027-03-08,2027,3,8,Marzo,Lunes,clases,
2027-03-09,2027,3,9,Marzo,Martes,clases,
2027-03-10,2027,3,10,Marzo,Miércoles,clases,
2027-03-11,2027,3,11,Marzo,Jueves,clases,
2027-03-12,2027,3,12,Marzo,Viernes,clases,
2027-03-13,2027,3,13,Marzo,Sábado,fin_semana,
2027-03-14,2027,3,14,Marzo,Domingo,fin_semana,
2027-03-15,2027,3,15,Marzo,Lunes,feriado,Benito Juárez
2027-03-16,2027,3,16,Marzo,Martes,clases,
2027-03-17,2027,3,17,Marzo,Miércoles,clases,
2027-03-18,2027,3,18,Marzo,Jueves,clases,
2027-03-19,2027,3,19,Marzo,Viernes,clases,
2027-03-20,2027,3,20,Marzo,Sábado,fin_semana,
2027-03-21,2027,3,21,Marzo,Domingo,fin_semana,
2027-03-22,2027,3,22,Marzo,Lunes,clases,
2027-03-23,2027,3,23,Marzo,Martes,clases,
2027-03-24,2027,3,24,Marzo,Miércoles,clases,
2027-03-25,2027,3,25,Marzo,Jueves,clases,
2027-03-26,2027,3,26,Marzo,Viernes,clases,
2027-03-27,2027,3,27,Marzo,Sábado,fin_semana,
2027-03-28,2027,3,28,Marzo,Domingo,fin_semana,
2027-03-29,2027,3,29,Marzo,Lunes,clases,
2027-03-30,2027,3,30,Marzo,Martes,clases,
2027-03-31,2027,3,31,Marzo,Miércoles,clases,
2027-04-01,2027,4,1,Abril,Jueves,clases,
2027-04-02,2027,4,2,Abril,Viernes,clases,
2027-04-03,2027,4,3,Abril,Sábado,fin_semana,
2027-04-04,2027,4,4,Abril,Domingo,fin_semana,
2027-04-05,2027,4,5,Abril,Lunes,clases,
2027-04-06,2027,4,6,Abril,Martes,clases,
2027-04-07,2027,4,7,Abril,Miércoles,clases,
2027-04-08,2027,4,8,Abril,Jueves,clases,
2027-04-09,2027,4,9,Abril,Viernes,clases,
2027-04-10,2027,4,10,Abril,Sábado,fin_semana,
2027-04-11,2027,4,11,Abril,Domingo,fin_semana,
2027-04-12,2027,4,12,Abril,Lunes,clases,
2027-04-13,2027,4,13,Abril,Martes,clases,
2027-04-14,2027,4,14,Abril,Miércoles,clases,
2027-04-15,2027,4,15,Abril,Jueves,clases,
2027-04-16,2027,4,16,Abril,Viernes,clases,
2027-04-17,2027,4,17,Abril,Sábado,fin_semana,
2027-04-18,2027,4,18,Abril,Domingo,fin_semana,
2027-04-19,2027,4,19,Abril,Lunes,clases,
2027-04-20,2027,4,20,Abril,Martes,clases,
2027-04-21,2027,4,21,Abril,Miércoles,clases,
2027-04-22,2027,4,22,Abril,Jueves,clases,
2027-04-23,2027,4,23,Abril,Viernes,clases,
2027-04-24,2027,4,24,Abril,Sábado,fin_semana,
2027-04-25,2027,4,25,Abril,Domingo,fin_semana,
2027-04-26,2027,4,26,Abril,Lunes,clases,
2027-04-27,2027,4,27,Abril,Martes,clases,
2027-04-28,2027,4,28,Abril,Miércoles,clases,
2027-04-29,2027,4,29,Abril,Jueves,clases,
2027-04-30,2027,4,30,Abril,Viernes,clases,
2027-05-01,2027,5,1,Mayo,Sábado,feriado,Día del Trabajo
2027-05-02,2027,5,2,Mayo,Domingo,fin_semana,
2027-05-03,2027,5,3,Mayo,Lunes,clases,
2027-05-04,2027,5,4,Mayo,Martes,clases,
2027-05-05,2027,5,5,Mayo,Miércoles,clases,
2027-05-06,2027,5,6,Mayo,Jueves,clases,
2027-05-07,2027,5,7,Mayo,Viernes,clases,
2027-05-08,2027,5,8,Mayo,Sábado,fin_semana,
2027-05-09,2027,5,9,Mayo,Domingo,fin_semana,
2027-05-10,2027,5,10,Mayo,Lunes,clases,
2027-05-11,2027,5,11,Mayo,Martes,clases,
2027-05-12,2027,5,12,Mayo,Miércoles,clases,
2027-05-13,2027,5,13,Mayo,Jueves,clases,
2027-05-14,2027,5,14,Mayo,Viernes,clases,
2027-05-15,2027,5,15,Mayo,Sábado,fin_semana,
2027-05-16,2027,5,16,Mayo,Domingo,fin_semana,
2027-05-17,2027,5,17,Mayo,Lunes,clases,
2027-05-18,2027,5,18,Mayo,Martes,clases,
2027-05-19,2027,5,19,Mayo,Miércoles,clases,
2027-05-20,2027,5,20,Mayo,Jueves,clases,
2027-05-21,2027,5,21,Mayo,Viernes,clases,
2027-05-22,2027,5,22,Mayo,Sábado,fin_semana,
2027-05-23,2027,5,23,Mayo,Domingo,fin_semana,
2027-05-24,2027,5,24,Mayo,Lunes,clases,
2027-05-25,2027,5,25,Mayo,Martes,clases,
2027-05-26,2027,5,26,Mayo,Miércoles,clases,
2027-05-27,2027,5,27,Mayo,Jueves,clases,
2027-05-28,2027,5,28,Mayo,Viernes,clases,
2027-05-29,2027,5,29,Mayo,Sábado,fin_semana,
2027-05-30,2027,5,30,Mayo,Domingo,fin_semana,
2027-05-31,2027,5,31,Mayo,Lunes,clases,
2027-06-01,2027,6,1,Junio,Martes,clases,
2027-06-02,2027,6,2,Junio,Miércoles,clases,
2027-06-03,2027,6,3,Junio,Jueves,clases,
2027-06-04,2027,6,4,Junio,Viernes,clases,
2027-06-05,2027,6,5,Junio,Sábado,fin_semana,
2027-06-06,2027,6,6,Junio,Domingo,fin_semana,
2027-06-07,2027,6,7,Junio,Lunes,clases,
2027-06-08,2027,6,8,Junio,Martes,clases,
2027-06-09,2027,6,9,Junio,Miércoles,clases,
2027-06-10,2027,6,10,Junio,Jueves,clases,
2027-06-11,2027,6,11,Junio,Viernes,clases,
2027-06-12,2027,6,12,Junio,Sábado,fin_semana,
2027-06-13,2027,6,13,Junio,Domingo,fin_semana,
2027-06-14,2027,6,14,Junio,Lunes,clases,
2027-06-15,2027,6,15,Junio,Martes,clases,
2027-06-16,2027,6,16,Junio,Miércoles,clases,
2027-06-17,2027,6,17,Junio,Jueves,clases,
2027-06-18,2027,6,18,Junio,Viernes,clases,
2027-06-19,2027,6,19,Junio,Sábado,fin_semana,
2027-06-20,2027,6,20,Junio,Domingo,fin_semana,
2027-06-21,2027,6,21,Junio,Lunes,clases,
2027-06-22,2027,6,22,Junio,Martes,clases,
2027-06-23,2027,6,23,Junio,Miércoles,clases,
2027-06-24,2027,6,24,Junio,Jueves,clases,
2027-06-25,2027,6,25,Junio,Viernes,clases,
2027-06-26,2027,6,26,Junio,Sábado,fin_semana,
2027-06-27,2027,6,27,Junio,Domingo,fin_semana,
2027-06-28,2027,6,28,Junio,Lunes,clases,
2027-06-29,2027,6,29,Junio,Martes,clases,
2027-06-30,2027,6,30,Junio,Miércoles,clases,
2027-07-01,2027,7,1,Julio,Jueves,clases,
2027-07-02,2027,7,2,Julio,Viernes,clases,
2027-07-03,2027,7,3,Julio,Sábado,fin_semana,
2027-07-04,2027,7,4,Julio,Domingo,fin_semana,
2027-07-05,2027,7,5,Julio,Lunes,clases,
2027-07-06,2027,7,6,Julio,Martes,clases,
2027-07-07,2027,7,7,Julio,Miércoles,clases,
2027-07-08,2027,7,8,Julio,Jueves,clases,
2027-07-09,2027,7,9,Julio,Viernes,clases,
2027-07-10,2027,7,10,Julio,Sábado,fin_semana,
2027-07-11,2027,7,11,Julio,Domingo,fin_semana,
2027-07-12,2027,7,12,Julio,Lunes,clases,
2027-07-13,2027,7,13,Julio,Martes,clases,
2027-07-14,2027,7,14,Julio,Miércoles,clases,
2027-07-15,2027,7,15,Julio,Jueves,clases,
2027-07-16,2027,7,16,Julio,Viernes,clases,
2027-07-17,2027,7,17,Julio,Sábado,fin_semana,
2027-07-18,2027,7,18,Julio,Domingo,fin_semana,
2027-07-19,2027,7,19,Julio,Lunes,clases,
2027-07-20,2027,7,20,Julio,Martes,clases,
2027-07-21,2027,7,21,Julio,Miércoles,clases,
2027-07-22,2027,7,22,Julio,Jueves,clases,
2027-07-23,2027,7,23,Julio,Viernes,clases,
2027-07-24,2027,7,24,Julio,Sábado,fin_semana,
2027-07-25,2027,7,25,Julio,Domingo,fin_semana,
2027-07-26,2027,7,26,Julio,Lunes,clases,
2027-07-27,2027,7,27,Julio,Martes,clases,
2027-07-28,2027,7,28,Julio,Miércoles,clases,
2027-07-29,2027,7,29,Julio,Jueves,clases,
2027-07-30,2027,7,30,Julio,Viernes,clases,
2027-07-31,2027,7,31,Julio,Sábado,fin_semana,
2027-08-01,2027,8,1,Agosto,Domingo,fin_semana,
2027-08-02,2027,8,2,Agosto,Lunes,clases,
2027-08-03,2027,8,3,Agosto,Martes,clases,
2027-08-04,2027,8,4,Agosto,Miércoles,clases,
2027-08-05,2027,8,5,Agosto,Jueves,clases,
2027-08-06,2027,8,6,Agosto,Viernes,clases,
2027-08-07,2027,8,7,Agosto,Sábado,fin_semana,
2027-08-08,2027,8,8,Agosto,Domingo,fin_semana,
2027-08-09,2027,8,9,Agosto,Lunes,clases,
2027-08-10,2027,8,10,Agosto,Martes,clases,
2027-08-11,2027,8,11,Agosto,Miércoles,clases,
2027-08-12,2027,8,12,Agosto,Jueves,clases,
2027-08-13,2027,8,13,Agosto,Viernes,clases,
2027-08-14,2027,8,14,Agosto,Sábado,fin_semana,
2027-08-15,2027,8,15,Agosto,Domingo,fin_semana,
2027-08-16,2027,8,16,Agosto,Lunes,clases,
2027-08-17,2027,8,17,Agosto,Martes,clases,
2027-08-18,2027,8,18,Agosto,Miércoles,clases,
2027-08-19,2027,8,19,Agosto,Jueves,clases,
2027-08-20,2027,8,20,Agosto,Viernes,clases,
2027-08-21,2027,8,21,Agosto,Sábado,fin_semana,
2027-08-22,2027,8,22,Agosto,Domingo,fin_semana,
2027-08-23,2027,8,23,Agosto,Lunes,clases,
2027-08-24,2027,8,24,Agosto,Martes,clases,
2027-08-25,2027,8,25,Agosto,Miércoles,clases,
2027-08-26,2027,8,26,Agosto,Jueves,clases,
2027-08-27,2027,8,27,Agosto,Viernes,clases,
2027-08-28,2027,8,28,Agosto,Sábado,fin_semana,
2027-08-29,2027,8,29,Agosto,Domingo,fin_semana,
2027-08-30,2027,8,30,Agosto,Lunes,clases,
2027-08-31,2027,8,31,Agosto,Martes,clases,
2027-09-01,2027,9,1,Septiembre,Miércoles,clases,
2027-09-02,2027,9,2,Septiembre,Jueves,clases,
2027-09-03,2027,9,3,Septiembre,Viernes,clases,
2027-09-04,2027,9,4,Septiembre,Sábado,fin_semana,
2027-09-05,2027,9,5,Septiembre,Domingo,fin_semana,
2027-09-06,2027,9,6,Septiembre,Lunes,clases,
2027-09-07,2027,9,7,Septiembre,Martes,clases,
2027-09-08,2027,9,8,Septiembre,Miércoles,clases,
2027-09-09,2027,9,9,Septiembre,Jueves,clases,
2027-09-10,2027,9,10,Septiembre,Viernes,clases,
2027-09-11,2027,9,11,Septiembre,Sábado,fin_semana,
2027-09-12,2027,9,12,Septiembre,Domingo,fin_semana,
2027-09-13,2027,9,13,Septiembre,Lunes,clases,
2027-09-14,2027,9,14,Septiembre,Martes,clases,
2027-09-15,2027,9,15,Septiembre,Miércoles,clases,
2027-09-16,2027,9,16,Septiembre,Jueves,feriado,Independencia
2027-09-17,2027,9,17,Septiembre,Viernes,clases,
2027-09-18,2027,9,18,Septiembre,Sábado,fin_semana,
2027-09-19,2027,9,19,Septiembre,Domingo,fin_semana,
2027-09-20,2027,9,20,Septiembre,Lunes,clases,
2027-09-21,2027,9,21,Septiembre,Martes,clases,
2027-09-22,2027,9,22,Septiembre,Miércoles,clases,
2027-09-23,2027,9,23,Septiembre,Jueves,clases,
2027-09-24,2027,9,24,Septiembre,Viernes,clases,
2027-09-25,2027,9,25,Septiembre,Sábado,fin_semana,
2027-09-26,2027,9,26,Septiembre,Domingo,fin_semana,
2027-09-27,2027,9,27,Septiembre,Lunes,clases,
2027-09-28,2027,9,28,Septiembre,Martes,clases,
2027-09-29,2027,9,29,Septiembre,Miércoles,clases,
2027-09-30,2027,9,30,Septiembre,Jueves,clases,
2027-10-01,2027,10,1,Octubre,Viernes,clases,
2027-10-02,2027,10,2,Octubre,Sábado,fin_semana,
2027-10-03,2027,10,3,Octubre,Domingo,fin_semana,
2027-10-04,2027,10,4,Octubre,Lunes,clases,
2027-10-05,2027,10,5,Octubre,Martes,clases,
2027-10-06,2027,10,6,Octubre,Miércoles,clases,
2027-10-07,2027,10,7,Octubre,Jueves,clases,
2027-10-08,2027,10,8,Octubre,Viernes,clases,
2027-10-09,2027,10,9,Octubre,Sábado,fin_semana,
2027-10-10,2027,10,10,Octubre,Domingo,fin_semana,
2027-10-11,2027,10,11,Octubre,Lunes,clases,
2027-10-12,2027,10,12,Octubre,Martes,clases,
2027-10-13,2027,10,13,Octubre,Miércoles,clases,
2027-10-14,2027,10,14,Octubre,Jueves,clases,
2027-10-15,2027,10,15,Octubre,Viernes,clases,
2027-10-16,2027,10,16,Octubre,Sábado,fin_semana,
2027-10-17,2027,10,17,Octubre,Domingo,fin_semana,
2027-10-18,2027,10,18,Octubre,Lunes,clases,
2027-10-19,2027,10,19,Octubre,Martes,clases,
2027-10-20,2027,10,20,Octubre,Miércoles,clases,
2027-10-21,2027,10,21,Octubre,Jueves,clases,
2027-10-22,2027,10,22,Octubre,Viernes,clases,
2027-10-23,2027,10,23,Octubre,Sábado,fin_semana,
2027-10-24,2027,10,24,Octubre,Domingo,fin_semana,
2027-10-25,2027,10,25,Octubre,Lunes,clases,
2027-10-26,2027,10,26,Octubre,Martes,clases,
2027-10-27,2027,10,27,Octubre,Miércoles,clases,
2027-10-28,2027,10,28,Octubre,Jueves,clases,
2027-10-29,2027,10,29,Octubre,Viernes,clases,
2027-10-30,2027,10,30,Octubre,Sábado,fin_semana,
2027-10-31,2027,10,31,Octubre,Domingo,fin_semana,
2027-11-01,2027,11,1,Noviembre,Lunes,clases,
2027-11-02,2027,11,2,Noviembre,Martes,clases,
2027-11-03,2027,11,3,Noviembre,Miércoles,clases,
2027-11-04,2027,11,4,Noviembre,Jueves,clases,
2027-11-05,2027,11,5,Noviembre,Viernes,clases,
2027-11-06,2027,11,6,Noviembre,Sábado,fin_semana,
2027-11-07,2027,11,7,Noviembre,Domingo,fin_semana,
2027-11-08,2027,11,8,Noviembre,Lunes,clases,
2027-11-09,2027,11,9,Noviembre,Martes,clases,
2027-11-10,2027,11,10,Noviembre,Miércoles,clases,
2027-11-11,2027,11,11,Noviembre,Jueves,clases,
2027-11-12,2027,11,12,Noviembre,Viernes,clases,
2027-11-13,2027,11,13,Noviembre,Sábado,fin_semana,
2027-11-14,2027,11,14,Noviembre,Domingo,fin_semana,
2027-11-15,2027,11,15,Noviembre,Lunes,feriado,Revolución Mexicana
2027-11-16,2027,11,16,Noviembre,Martes,clases,
2027-11-17,2027,11,17,Noviembre,Miércoles,clases,
2027-11-18,2027,11,18,Noviembre,Jueves,clases,
2027-11-19,2027,11,19,Noviembre,Viernes,clases,
2027-11-20,2027,11,20,Noviembre,Sábado,fin_semana,
2027-11-21,2027,11,21,Noviembre,Domingo,fin_semana,
2027-11-22,2027,11,22,Noviembre,Lunes,clases,
2027-11-23,2027,11,23,Noviembre,Martes,clases,
2027-11-24,2027,11,24,Noviembre,Miércoles,clases,
2027-11-25,2027,11,25,Noviembre,Jueves,clases,
2027-11-26,2027,11,26,Noviembre,Viernes,clases,
2027-11-27,2027,11,27,Noviembre,Sábado,fin_semana,
2027-11-28,2027,11,28,Noviembre,Domingo,fin_semana,
2027-11-29,2027,11,29,Noviembre,Lunes,clases,
2027-11-30,2027,11,30,Noviembre,Martes,clases,
2027-12-01,2027,12,1,Diciembre,Miércoles,clases,
2027-12-02,2027,12,2,Diciembre,Jueves,clases,
2027-12-03,2027,12,3,Diciembre,Viernes,clases,
2027-12-04,2027,12,4,Diciembre,Sábado,fin_semana,
2027-12-05,2027,12,5,Diciembre,Domingo,fin_semana,
2027-12-06,2027,12,6,Diciembre,Lunes,clases,
2027-12-07,2027,12,7,Diciembre,Martes,clases,
2027-12-08,2027,12,8,Diciembre,Miércoles,clases,
2027-12-09,2027,12,9,Diciembre,Jueves,clases,
2027-12-10,2027,12,10,Diciembre,Viernes,clases,
2027-12-11,2027,12,11,Diciembre,Sábado,fin_semana,
2027-12-12,2027,12,12,Diciembre,Domingo,fin_semana,
2027-12-13,2027,12,13,Diciembre,Lunes,clases,
2027-12-14,2027,12,14,Diciembre,Martes,clases,
2027-12-15,2027,12,15,Diciembre,Miércoles,clases,
2027-12-16,2027,12,16,Diciembre,Jueves,clases,
2027-12-17,2027,12,17,Diciembre,Viernes,clases,
2027-12-18,2027,12,18,Diciembre,Sábado,fin_semana,
2027-12-19,2027,12,19,Diciembre,Domingo,fin_semana,
2027-12-20,2027,12,20,Diciembre,Lunes,clases,
2027-12-21,2027,12,21,Diciembre,Martes,clases,
2027-12-22,2027,12,22,Diciembre,Miércoles,clases,
2027-12-23,2027,12,23,Diciembre,Jueves,clases,
2027-12-24,2027,12,24,Diciembre,Viernes,clases,
2027-12-25,2027,12,25,Diciembre,Sábado,feriado,Navidad
2027-12-26,2027,12,26,Diciembre,Domingo,fin_semana,
2027-12-27,2027,12,27,Diciembre,Lunes,clases,
2027-12-28,2027,12,28,Diciembre,Martes,clases,
2027-12-29,2027,12,29,Diciembre,Miércoles,clases,
2027-12-30,2027,12,30,Diciembre,Jueves,clases,
2027-12-31,2027,12,31,Diciembre,Viernes,clases,
2028-01-01,2028,1,1,Enero,Sábado,feriado,Año Nuevo
2028-01-02,2028,1,2,Enero,Domingo,fin_semana,
2028-01-03,2028,1,3,Enero,Lunes,clases,
2028-01-04,2028,1,4,Enero,Martes,clases,
2028-01-05,2028,1,5,Enero,Miércoles,clases,
2028-01-06,2028,1,6,Enero,Jueves,clases,
2028-01-07,2028,1,7,Enero,Viernes,clases,
2028-01-08,2028,1,8,Enero,Sábado,fin_semana,
2028-01-09,2028,1,9,Enero,Domingo,fin_semana,
2028-01-10,2028,1,10,Enero,Lunes,clases,
2028-01-11,2028,1,11,Enero,Martes,clases,
2028-01-12,2028,1,12,Enero,Miércoles,clases,
2028-01-13,2028,1,13,Enero,Jueves,clases,
2028-01-14,2028,1,14,Enero,Viernes,clases,
2028-01-15,2028,1,15,Enero,Sábado,fin_semana,
2028-01-16,2028,1,16,Enero,Domingo,fin_semana,
2028-01-17,2028,1,17,Enero,Lunes,clases,
2028-01-18,2028,1,18,Enero,Martes,clases,
2028-01-19,2028,1,19,Enero,Miércoles,clases,
2028-01-20,2028,1,20,Enero,Jueves,clases,
2028-01-21,2028,1,21,Enero,Viernes,clases,
2028-01-22,2028,1,22,Enero,Sábado,fin_semana,
2028-01-23,2028,1,23,Enero,Domingo,fin_semana,
2028-01-24,2028,1,24,Enero,Lunes,clases,
2028-01-25,2028,1,25,Enero,Martes,clases,
2028-01-26,2028,1,26,Enero,Miércoles,clases,
2028-01-27,2028,1,27,Enero,Jueves,clases,
2028-01-28,2028,1,28,Enero,Viernes,clases,
2028-01-29,2028,1,29,Enero,Sábado,fin_semana,
2028-01-30,2028,1,30,Enero,Domingo,fin_semana,
2028-01-31,2028,1,31,Enero,Lunes,clases,
2028-02-01,2028,2,1,Febrero,Martes,clases,
2028-02-02,2028,2,2,Febrero,Miércoles,clases,
2028-02-03,2028,2,3,Febrero,Jueves,clases,
2028-02-04,2028,2,4,Febrero,Viernes,clases,
2028-02-05,2028,2,5,Febrero,Sábado,fin_semana,
2028-02-06,2028,2,6,Febrero,Domingo,fin_semana,
2028-02-07,2028,2,7,Febrero,Lunes,feriado,Constitución
2028-02-08,2028,2,8,Febrero,Martes,clases,
2028-02-09,2028,2,9,Febrero,Miércoles,clases,
2028-02-10,2028,2,10,Febrero,Jueves,clases,
2028-02-11,2028,2,11,Febrero,Viernes,clases,
2028-02-12,2028,2,12,Febrero,Sábado,fin_semana,
2028-02-13,2028,2,13,Febrero,Domingo,fin_semana,
2028-02-14,2028,2,14,Febrero,Lunes,clases,
2028-02-15,2028,2,15,Febrero,Martes,clases,
2028-02-16,2028,2,16,Febrero,Miércoles,clases,
2028-02-17,2028,2,17,Febrero,Jueves,clases,
2028-02-18,2028,2,18,Febrero,Viernes,clases,
2028-02-19,2028,2,19,Febrero,Sábado,fin_semana,
2028-02-20,2028,2,20,Febrero,Domingo,fin_semana,
2028-02-21,2028,2,21,Febrero,Lunes,clases,
2028-02-22,2028,2,22,Febrero,Martes,clases,
2028-02-23,2028,2,23,Febrero,Miércoles,clases,
2028-02-24,2028,2,24,Febrero,Jueves,clases,
2028-02-25,2028,2,25,Febrero,Viernes,clases,
2028-02-26,2028,2,26,Febrero,Sábado,fin_semana,
2028-02-27,2028,2,27,Febrero,Domingo,fin_semana,
2028-02-28,2028,2,28,Febrero,Lunes,clases,
2028-02-29,2028,2,29,Febrero,Martes,clases,
2028-03-01,2028,3,1,Marzo,Miércoles,clases,
2028-03-02,2028,3,2,Marzo,Jueves,clases,
2028-03-03,2028,3,3,Marzo,Viernes,clases,
2028-03-04,2028,3,4,Marzo,Sábado,fin_semana,
2028-03-05,2028,3,5,Marzo,Domingo,fin_semana,
2028-03-06,2028,3,6,Marzo,Lunes,clases,
2028-03-07,2028,3,7,Marzo,Martes,clases,
2028-03-08,2028,3,8,Marzo,Miércoles,clases,
2028-03-09,2028,3,9,Marzo,Jueves,clases,
2028-03-10,2028,3,10,Marzo,Viernes,clases,
2028-03-11,2028,3,11,Marzo,Sábado,fin_semana,
2028-03-12,2028,3,12,Marzo,Domingo,fin_semana,
2028-03-13,2028,3,13,Marzo,Lunes,clases,
2028-03-14,2028,3,14,Marzo,Martes,clases,
2028-03-15,2028,3,15,Marzo,Miércoles,clases,
2028-03-16,2028,3,16,Marzo,Jueves,clases,
2028-03-17,2028,3,17,Marzo,Viernes,clases,
2028-03-18,2028,3,18,Marzo,Sábado,fin_semana,
2028-03-19,2028,3,19,Marzo,Domingo,fin_semana,
2028-03-20,2028,3,20,Marzo,Lunes,feriado,Benito Juárez
2028-03-21,2028,3,21,Marzo,Martes,clases,
2028-03-22,2028,3,22,Marzo,Miércoles,clases,
2028-03-23,2028,3,23,Marzo,Jueves,clases,
2028-03-24,2028,3,24,Marzo,Viernes,clases,
2028-03-25,2028,3,25,Marzo,Sábado,fin_semana,
2028-03-26,2028,3,26,Marzo,Domingo,fin_semana,
2028-03-27,2028,3,27,Marzo,Lunes,clases,
2028-03-28,2028,3,28,Marzo,Martes,clases,
2028-03-29,2028,3,29,Marzo,Miércoles,clases,
2028-03-30,2028,3,30,Marzo,Jueves,clases,
2028-03-31,2028,3,31,Marzo,Viernes,clases,
2028-04-01,2028,4,1,Abril,Sábado,fin_semana,
2028-04-02,2028,4,2,Abril,Domingo,fin_semana,
2028-04-03,2028,4,3,Abril,Lunes,clases,
2028-04-04,2028,4,4,Abril,Martes,clases,
2028-04-05,2028,4,5,Abril,Miércoles,clases,
2028-04-06,2028,4,6,Abril,Jueves,clases,
2028-04-07,2028,4,7,Abril,Viernes,clases,
2028-04-08,2028,4,8,Abril,Sábado,fin_semana,
2028-04-09,2028,4,9,Abril,Domingo,fin_semana,
2028-04-10,2028,4,10,Abril,Lunes,clases,
2028-04-11,2028,4,11,Abril,Martes,clases,
2028-04-12,2028,4,12,Abril,Miércoles,clases,
2028-04-13,2028,4,13,Abril,Jueves,clases,
2028-04-14,2028,4,14,Abril,Viernes,clases,
2028-04-15,2028,4,15,Abril,Sábado,fin_semana,
2028-04-16,2028,4,16,Abril,Domingo,fin_semana,
2028-04-17,2028,4,17,Abril,Lunes,clases,
2028-04-18,2028,4,18,Abril,Martes,clases,
2028-04-19,2028,4,19,Abril,Miércoles,clases,
2028-04-20,2028,4,20,Abril,Jueves,clases,
2028-04-21,2028,4,21,Abril,Viernes,clases,
2028-04-22,2028,4,22,Abril,Sábado,fin_semana,
2028-04-23,2028,4,23,Abril,Domingo,fin_semana,
2028-04-24,2028,4,24,Abril,Lunes,clases,
2028-04-25,2028,4,25,Abril,Martes,clases,
2028-04-26,2028,4,26,Abril,Miércoles,clases,
2028-04-27,2028,4,27,Abril,Jueves,clases,
2028-04-28,2028,4,28,Abril,Viernes,clases,
2028-04-29,2028,4,29,Abril,Sábado,fin_semana,
2028-04-30,2028,4,30,Abril,Domingo,fin_semana,
2028-05-01,2028,5,1,Mayo,Lunes,feriado,Día del Trabajo
2028-05-02,2028,5,2,Mayo,Martes,clases,
2028-05-03,2028,5,3,Mayo,Miércoles,clases,
2028-05-04,2028,5,4,Mayo,Jueves,clases,
2028-05-05,2028,5,5,Mayo,Viernes,clases,
2028-05-06,2028,5,6,Mayo,Sábado,fin_semana,
2028-05-07,2028,5,7,Mayo,Domingo,fin_semana,
2028-05-08,2028,5,8,Mayo,Lunes,clases,
2028-05-09,2028,5,9,Mayo,Martes,clases,
2028-05-10,2028,5,10,Mayo,Miércoles,clases,
2028-05-11,2028,5,11,Mayo,Jueves,clases,
2028-05-12,2028,5,12,Mayo,Viernes,clases,
2028-05-13,2028,5,13,Mayo,Sábado,fin_semana,
2028-05-14,2028,5,14,Mayo,Domingo,fin_semana,
2028-05-15,2028,5,15,Mayo,Lunes,clases,
2028-05-16,2028,5,16,Mayo,Martes,clases,
2028-05-17,2028,5,17,Mayo,Miércoles,clases,
2028-05-18,2028,5,18,Mayo,Jueves,clases,
2028-05-19,2028,5,19,Mayo,Viernes,clases,
2028-05-20,2028,5,20,Mayo,Sábado,fin_semana,
2028-05-21,2028,5,21,Mayo,Domingo,fin_semana,
2028-05-22,2028,5,22,Mayo,Lunes,clases,
2028-05-23,2028,5,23,Mayo,Martes,clases,
2028-05-24,2028,5,24,Mayo,Miércoles,clases,
2028-05-25,2028,5,25,Mayo,Jueves,clases,
2028-05-26,2028,5,26,Mayo,Viernes,clases,
2028-05-27,2028,5,27,Mayo,Sábado,fin_semana,
2028-05-28,2028,5,28,Mayo,Domingo,fin_semana,
2028-05-29,2028,5,29,Mayo,Lunes,clases,
2028-05-30,2028,5,30,Mayo,Martes,clases,
2028-05-31,2028,5,31,Mayo,Miércoles,clases,
2028-06-01,2028,6,1,Junio,Jueves,clases,
2028-06-02,2028,6,2,Junio,Viernes,clases,
2028-06-03,2028,6,3,Junio,Sábado,fin_semana,
2028-06-04,2028,6,4,Junio,Domingo,fin_semana,
2028-06-05,2028,6,5,Junio,Lunes,clases,
2028-06-06,2028,6,6,Junio,Martes,clases,
2028-06-07,2028,6,7,Junio,Miércoles,clases,
2028-06-08,2028,6,8,Junio,Jueves,clases,
2028-06-09,2028,6,9,Junio,Viernes,clases,
2028-06-10,2028,6,10,Junio,Sábado,fin_semana,
2028-06-11,2028,6,11,Junio,Domingo,fin_semana,
2028-06-12,2028,6,12,Junio,Lunes,clases,
2028-06-13,2028,6,13,Junio,Martes,clases,
2028-06-14,2028,6,14,Junio,Miércoles,clases,
2028-06-15,2028,6,15,Junio,Jueves,clases,
2028-06-16,2028,6,16,Junio,Viernes,clases,
2028-06-17,2028,6,17,Junio,Sábado,fin_semana,
2028-06-18,2028,6,18,Junio,Domingo,fin_semana,
2028-06-19,2028,6,19,Junio,Lunes,clases,
2028-06-20,2028,6,20,Junio,Martes,clases,
2028-06-21,2028,6,21,Junio,Miércoles,clases,
2028-06-22,2028,6,22,Junio,Jueves,clases,
2028-06-23,2028,6,23,Junio,Viernes,clases,
2028-06-24,2028,6,24,Junio,Sábado,fin_semana,
2028-06-25,2028,6,25,Junio,Domingo,fin_semana,
2028-06-26,2028,6,26,Junio,Lunes,clases,
2028-06-27,2028,6,27,Junio,Martes,clases,
2028-06-28,2028,6,28,Junio,Miércoles,clases,
2028-06-29,2028,6,29,Junio,Jueves,clases,
2028-06-30,2028,6,30,Junio,Viernes,clases,
2028-07-01,2028,7,1,Julio,Sábado,fin_semana,
2028-07-02,2028,7,2,Julio,Domingo,fin_semana,
2028-07-03,2028,7,3,Julio,Lunes,clases,
2028-07-04,2028,7,4,Julio,Martes,clases,
2028-07-05,2028,7,5,Julio,Miércoles,clases,
2028-07-06,2028,7,6,Julio,Jueves,clases,
2028-07-07,2028,7,7,Julio,Viernes,clases,
2028-07-08,2028,7,8,Julio,Sábado,fin_semana,
2028-07-09,2028,7,9,Julio,Domingo,fin_semana,
2028-07-10,2028,7,10,Julio,Lunes,clases,
2028-07-11,2028,7,11,Julio,Martes,clases,
2028-07-12,2028,7,12,Julio,Miércoles,clases,
2028-07-13,2028,7,13,Julio,Jueves,clases,
2028-07-14,2028,7,14,Julio,Viernes,clases,
2028-07-15,2028,7,15,Julio,Sábado,fin_semana,
2028-07-16,2028,7,16,Julio,Domingo,fin_semana,
2028-07-17,2028,7,17,Julio,Lunes,clases,
2028-07-18,2028,7,18,Julio,Martes,clases,
2028-07-19,2028,7,19,Julio,Miércoles,clases,
2028-07-20,2028,7,20,Julio,Jueves,clases,
2028-07-21,2028,7,21,Julio,Viernes,clases,
2028-07-22,2028,7,22,Julio,Sábado,fin_semana,
2028-07-23,2028,7,23,Julio,Domingo,fin_semana,
2028-07-24,2028,7,24,Julio,Lunes,clases,
2028-07-25,2028,7,25,Julio,Martes,clases,
2028-07-26,2028,7,26,Julio,Miércoles,clases,
2028-07-27,2028,7,27,Julio,Jueves,clases,
2028-07-28,2028,7,28,Julio,Viernes,clases,
2028-07-29,2028,7,29,Julio,Sábado,fin_semana,
2028-07-30,2028,7,30,Julio,Domingo,fin_semana,
2028-07-31,2028,7,31,Julio,Lunes,clases,
2028-08-01,2028,8,1,Agosto,Martes,clases,
2028-08-02,2028,8,2,Agosto,Miércoles,clases,
2028-08-03,2028,8,3,Agosto,Jueves,clases,
2028-08-04,2028,8,4,Agosto,Viernes,clases,
2028-08-05,2028,8,5,Agosto,Sábado,fin_semana,
2028-08-06,2028,8,6,Agosto,Domingo,fin_semana,
2028-08-07,2028,8,7,Agosto,Lunes,clases,
2028-08-08,2028,8,8,Agosto,Martes,clases,
2028-08-09,2028,8,9,Agosto,Miércoles,clases,
2028-08-10,2028,8,10,Agosto,Jueves,clases,
2028-08-11,2028,8,11,Agosto,Viernes,clases,
2028-08-12,2028,8,12,Agosto,Sábado,fin_semana,
2028-08-13,2028,8,13,Agosto,Domingo,fin_semana,
2028-08-14,2028,8,14,Agosto,Lunes,clases,
2028-08-15,2028,8,15,Agosto,Martes,clases,
2028-08-16,2028,8,16,Agosto,Miércoles,clases,
2028-08-17,2028,8,17,Agosto,Jueves,clases,
2028-08-18,2028,8,18,Agosto,Viernes,clases,
2028-08-19,2028,8,19,Agosto,Sábado,fin_semana,
2028-08-20,2028,8,20,Agosto,Domingo,fin_semana,
2028-08-21,2028,8,21,Agosto,Lunes,clases,
2028-08-22,2028,8,22,Agosto,Martes,clases,
2028-08-23,2028,8,23,Agosto,Miércoles,clases,
2028-08-24,2028,8,24,Agosto,Jueves,clases,
2028-08-25,2028,8,25,Agosto,Viernes,clases,
2028-08-26,2028,8,26,Agosto,Sábado,fin_semana,
2028-08-27,2028,8,27,Agosto,Domingo,fin_semana,
2028-08-28,2028,8,28,Agosto,Lunes,clases,
2028-08-29,2028,8,29,Agosto,Martes,clases,
2028-08-30,2028,8,30,Agosto,Miércoles,clases,
2028-08-31,2028,8,31,Agosto,Jueves,clases,
2028-09-01,2028,9,1,Septiembre,Viernes,clases,
2028-09-02,2028,9,2,Septiembre,Sábado,fin_semana,
2028-09-03,2028,9,3,Septiembre,Domingo,fin_semana,
2028-09-04,2028,9,4,Septiembre,Lunes,clases,
2028-09-05,2028,9,5,Septiembre,Martes,clases,
2028-09-06,2028,9,6,Septiembre,Miércoles,clases,
2028-09-07,2028,9,7,Septiembre,Jueves,clases,
2028-09-08,2028,9,8,Septiembre,Viernes,clases,
2028-09-09,2028,9,9,Septiembre,Sábado,fin_semana,
2028-09-10,2028,9,10,Septiembre,Domingo,fin_semana,
2028-09-11,2028,9,11,Septiembre,Lunes,clases,
2028-09-12,2028,9,12,Septiembre,Martes,clases,
2028-09-13,2028,9,13,Septiembre,Miércoles,clases,
2028-09-14,2028,9,14,Septiembre,Jueves,clases,
2028-09-15,2028,9,15,Septiembre,Viernes,clases,
2028-09-16,2028,9,16,Septiembre,Sábado,feriado,Independencia
2028-09-17,2028,9,17,Septiembre,Domingo,fin_semana,
2028-09-18,2028,9,18,Septiembre,Lunes,clases,
2028-09-19,2028,9,19,Septiembre,Martes,clases,
2028-09-20,2028,9,20,Septiembre,Miércoles,clases,
2028-09-21,2028,9,21,Septiembre,Jueves,clases,
2028-09-22,2028,9,22,Septiembre,Viernes,clases,
2028-09-23,2028,9,23,Septiembre,Sábado,fin_semana,
2028-09-24,2028,9,24,Septiembre,Domingo,fin_semana,
2028-09-25,2028,9,25,Septiembre,Lunes,clases,
2028-09-26,2028,9,26,Septiembre,Martes,clases,
2028-09-27,2028,9,27,Septiembre,Miércoles,clases,
2028-09-28,2028,9,28,Septiembre,Jueves,clases,
2028-09-29,2028,9,29,Septiembre,Viernes,clases,
2028-09-30,2028,9,30,Septiembre,Sábado,fin_semana,
2028-10-01,2028,10,1,Octubre,Domingo,fin_semana,
2028-10-02,2028,10,2,Octubre,Lunes,clases,
2028-10-03,2028,10,3,Octubre,Martes,clases,
2028-10-04,2028,10,4,Octubre,Miércoles,clases,
2028-10-05,2028,10,5,Octubre,Jueves,clases,
2028-10-06,2028,10,6,Octubre,Viernes,clases,
2028-10-07,2028,10,7,Octubre,Sábado,fin_semana,
2028-10-08,2028,10,8,Octubre,Domingo,fin_semana,
2028-10-09,2028,10,9,Octubre,Lunes,clases,
2028-10-10,2028,10,10,Octubre,Martes,clases,
2028-10-11,2028,10,11,Octubre,Miércoles,clases,
2028-10-12,2028,10,12,Octubre,Jueves,clases,
2028-10-13,2028,10,13,Octubre,Viernes,clases,
2028-10-14,2028,10,14,Octubre,Sábado,fin_semana,
2028-10-15,2028,10,15,Octubre,Domingo,fin_semana,
2028-10-16,2028,10,16,Octubre,Lunes,clases,
2028-10-17,2028,10,17,Octubre,Martes,clases,
2028-10-18,2028,10,18,Octubre,Miércoles,clases,
2028-10-19,2028,10,19,Octubre,Jueves,clases,
2028-10-20,2028,10,20,Octubre,Viernes,clases,
2028-10-21,2028,10,21,Octubre,Sábado,fin_semana,
2028-10-22,2028,10,22,Octubre,Domingo,fin_semana,
2028-10-23,2028,10,23,Octubre,Lunes,clases,
2028-10-24,2028,10,24,Octubre,Martes,clases,
2028-10-25,2028,10,25,Octubre,Miércoles,clases,
2028-10-26,2028,10,26,Octubre,Jueves,clases,
2028-10-27,2028,10,27,Octubre,Viernes,clases,
2028-10-28,2028,10,28,Octubre,Sábado,fin_semana,
2028-10-29,2028,10,29,Octubre,Domingo,fin_semana,
2028-10-30,2028,10,30,Octubre,Lunes,clases,
2028-10-31,2028,10,31,Octubre,Martes,clases,
2028-11-01,2028,11,1,Noviembre,Miércoles,clases,
2028-11-02,2028,11,2,Noviembre,Jueves,clases,
2028-11-03,2028,11,3,Noviembre,Viernes,clases,
2028-11-04,2028,11,4,Noviembre,Sábado,fin_semana,
2028-11-05,2028,11,5,Noviembre,Domingo,fin_semana,
2028-11-06,2028,11,6,Noviembre,Lunes,clases,
2028-11-07,2028,11,7,Noviembre,Martes,clases,
2028-11-08,2028,11,8,Noviembre,Miércoles,clases,
2028-11-09,2028,11,9,Noviembre,Jueves,clases,
2028-11-10,2028,11,10,Noviembre,Viernes,clases,
2028-11-11,2028,11,11,Noviembre,Sábado,fin_semana,
2028-11-12,2028,11,12,Noviembre,Domingo,fin_semana,
2028-11-13,2028,11,13,Noviembre,Lunes,clases,
2028-11-14,2028,11,14,Noviembre,Martes,clases,
2028-11-15,2028,11,15,Noviembre,Miércoles,clases,
2028-11-16,2028,11,16,Noviembre,Jueves,clases,
2028-11-17,2028,11,17,Noviembre,Viernes,clases,
2028-11-18,2028,11,18,Noviembre,Sábado,fin_semana,
2028-11-19,2028,11,19,Noviembre,Domingo,fin_semana,
2028-11-20,2028,11,20,Noviembre,Lunes,feriado,Revolución Mexicana
2028-11-21,2028,11,21,Noviembre,Martes,clases,
2028-11-22,2028,11,22,Noviembre,Miércoles,clases,
2028-11-23,2028,11,23,Noviembre,Jueves,clases,
2028-11-24,2028,11,24,Noviembre,Viernes,clases,
2028-11-25,2028,11,25,Noviembre,Sábado,fin_semana,
2028-11-26,2028,11,26,Noviembre,Domingo,fin_semana,
2028-11-27,2028,11,27,Noviembre,Lunes,clases,
2028-11-28,2028,11,28,Noviembre,Martes,clases,
2028-11-29,2028,11,29,Noviembre,Miércoles,clases,
2028-11-30,2028,11,30,Noviembre,Jueves,clases,
2028-12-01,2028,12,1,Diciembre,Viernes,clases,
2028-12-02,2028,12,2,Diciembre,Sábado,fin_semana,
2028-12-03,2028,12,3,Diciembre,Domingo,fin_semana,
2028-12-04,2028,12,4,Diciembre,Lunes,clases,
2028-12-05,2028,12,5,Diciembre,Martes,clases,
2028-12-06,2028,12,6,Diciembre,Miércoles,clases,
2028-12-07,2028,12,7,Diciembre,Jueves,clases,
2028-12-08,2028,12,8,Diciembre,Viernes,clases,
2028-12-09,2028,12,9,Diciembre,Sábado,fin_semana,
2028-12-10,2028,12,10,Diciembre,Domingo,fin_semana,
2028-12-11,2028,12,11,Diciembre,Lunes,clases,
2028-12-12,2028,12,12,Diciembre,Martes,clases,
2028-12-13,2028,12,13,Diciembre,Miércoles,clases,
2028-12-14,2028,12,14,Diciembre,Jueves,clases,
2028-12-15,2028,12,15,Diciembre,Viernes,clases,
2028-12-16,2028,12,16,Diciembre,Sábado,fin_semana,
2028-12-17,2028,12,17,Diciembre,Domingo,fin_semana,
2028-12-18,2028,12,18,Diciembre,Lunes,clases,
2028-12-19,2028,12,19,Diciembre,Martes,clases,
2028-12-20,2028,12,20,Diciembre,Miércoles,clases,
2028-12-21,2028,12,21,Diciembre,Jueves,clases,
2028-12-22,2028,12,22,Diciembre,Viernes,clases,
2028-12-23,2028,12,23,Diciembre,Sábado,fin_semana,
2028-12-24,2028,12,24,Diciembre,Domingo,fin_semana,
2028-12-25,2028,12,25,Diciembre,Lunes,feriado,Navidad
2028-12-26,2028,12,26,Diciembre,Martes,clases,
2028-12-27,2028,12,27,Diciembre,Miércoles,clases,
2028-12-28,2028,12,28,Diciembre,Jueves,clases,
2028-12-29,2028,12,29,Diciembre,Viernes,clases,
2028-12-30,2028,12,30,Diciembre,Sábado,fin_semana,
2028-12-31,2028,12,31,Diciembre,Domingo,fin_semana,
2029-01-01,2029,1,1,Enero,Lunes,feriado,Año Nuevo
2029-01-02,2029,1,2,Enero,Martes,clases,
2029-01-03,2029,1,3,Enero,Miércoles,clases,
2029-01-04,2029,1,4,Enero,Jueves,clases,
2029-01-05,2029,1,5,Enero,Viernes,clases,
2029-01-06,2029,1,6,Enero,Sábado,fin_semana,
2029-01-07,2029,1,7,Enero,Domingo,fin_semana,
2029-01-08,2029,1,8,Enero,Lunes,clases,
2029-01-09,2029,1,9,Enero,Martes,clases,
2029-01-10,2029,1,10,Enero,Miércoles,clases,
2029-01-11,2029,1,11,Enero,Jueves,clases,
2029-01-12,2029,1,12,Enero,Viernes,clases,
2029-01-13,2029,1,13,Enero,Sábado,fin_semana,
2029-01-14,2029,1,14,Enero,Domingo,fin_semana,
2029-01-15,2029,1,15,Enero,Lunes,clases,
2029-01-16,2029,1,16,Enero,Martes,clases,
2029-01-17,2029,1,17,Enero,Miércoles,clases,
2029-01-18,2029,1,18,Enero,Jueves,clases,
2029-01-19,2029,1,19,Enero,Viernes,clases,
2029-01-20,2029,1,20,Enero,Sábado,fin_semana,
2029-01-21,2029,1,21,Enero,Domingo,fin_semana,
2029-01-22,2029,1,22,Enero,Lunes,clases,
2029-01-23,2029,1,23,Enero,Martes,clases,
2029-01-24,2029,1,24,Enero,Miércoles,clases,
2029-01-25,2029,1,25,Enero,Jueves,clases,
2029-01-26,2029,1,26,Enero,Viernes,clases,
2029-01-27,2029,1,27,Enero,Sábado,fin_semana,
2029-01-28,2029,1,28,Enero,Domingo,fin_semana,
2029-01-29,2029,1,29,Enero,Lunes,clases,
2029-01-30,2029,1,30,Enero,Martes,clases,
2029-01-31,2029,1,31,Enero,Miércoles,clases,
2029-02-01,2029,2,1,Febrero,Jueves,clases,
2029-02-02,2029,2,2,Febrero,Viernes,clases,
2029-02-03,2029,2,3,Febrero,Sábado,fin_semana,
2029-02-04,2029,2,4,Febrero,Domingo,fin_semana,
2029-02-05,2029,2,5,Febrero,Lunes,feriado,Constitución
2029-02-06,2029,2,6,Febrero,Martes,clases,
2029-02-07,2029,2,7,Febrero,Miércoles,clases,
2029-02-08,2029,2,8,Febrero,Jueves,clases,
2029-02-09,2029,2,9,Febrero,Viernes,clases,
2029-02-10,2029,2,10,Febrero,Sábado,fin_semana,
2029-02-11,2029,2,11,Febrero,Domingo,fin_semana,
2029-02-12,2029,2,12,Febrero,Lunes,clases,
2029-02-13,2029,2,13,Febrero,Martes,clases,
2029-02-14,2029,2,14,Febrero,Miércoles,clases,
2029-02-15,2029,2,15,Febrero,Jueves,clases,
2029-02-16,2029,2,16,Febrero,Viernes,clases,
2029-02-17,2029,2,17,Febrero,Sábado,fin_semana,
2029-02-18,2029,2,18,Febrero,Domingo,fin_semana,
2029-02-19,2029,2,19,Febrero,Lunes,clases,
2029-02-20,2029,2,20,Febrero,Martes,clases,
2029-02-21,2029,2,21,Febrero,Miércoles,clases,
2029-02-22,2029,2,22,Febrero,Jueves,clases,
2029-02-23,2029,2,23,Febrero,Viernes,clases,
2029-02-24,2029,2,24,Febrero,Sábado,fin_semana,
2029-02-25,2029,2,25,Febrero,Domingo,fin_semana,
2029-02-26,2029,2,26,Febrero,Lunes,clases,
2029-02-27,2029,2,27,Febrero,Martes,clases,
2029-02-28,2029,2,28,Febrero,Miércoles,clases,
2029-03-01,2029,3,1,Marzo,Jueves,clases,
2029-03-02,2029,3,2,Marzo,Viernes,clases,
2029-03-03,2029,3,3,Marzo,Sábado,fin_semana,
2029-03-04,2029,3,4,Marzo,Domingo,fin_semana,
2029-03-05,2029,3,5,Marzo,Lunes,clases,
2029-03-06,2029,3,6,Marzo,Martes,clases,
2029-03-07,2029,3,7,Marzo,Miércoles,clases,
2029-03-08,2029,3,8,Marzo,Jueves,clases,
2029-03-09,2029,3,9,Marzo,Viernes,clases,
2029-03-10,2029,3,10,Marzo,Sábado,fin_semana,
2029-03-11,2029,3,11,Marzo,Domingo,fin_semana,
2029-03-12,2029,3,12,Marzo,Lunes,clases,
2029-03-13,2029,3,13,Marzo,Martes,clases,
2029-03-14,2029,3,14,Marzo,Miércoles,clases,
2029-03-15,2029,3,15,Marzo,Jueves,clases,
2029-03-16,2029,3,16,Marzo,Viernes,clases,
2029-03-17,2029,3,17,Marzo,Sábado,fin_semana,
2029-03-18,2029,3,18,Marzo,Domingo,fin_semana,
2029-03-19,2029,3,19,Marzo,Lunes,feriado,Benito Juárez
2029-03-20,2029,3,20,Marzo,Martes,clases,
2029-03-21,2029,3,21,Marzo,Miércoles,clases,
2029-03-22,2029,3,22,Marzo,Jueves,clases,
2029-03-23,2029,3,23,Marzo,Viernes,clases,
2029-03-24,2029,3,24,Marzo,Sábado,fin_semana,
2029-03-25,2029,3,25,Marzo,Domingo,fin_semana,
2029-03-26,2029,3,26,Marzo,Lunes,clases,
2029-03-27,2029,3,27,Marzo,Martes,clases,
2029-03-28,2029,3,28,Marzo,Miércoles,clases,
2029-03-29,2029,3,29,Marzo,Jueves,clases,
2029-03-30,2029,3,30,Marzo,Viernes,clases,
2029-03-31,2029,3,31,Marzo,Sábado,fin_semana,
2029-04-01,2029,4,1,Abril,Domingo,fin_semana,
2029-04-02,2029,4,2,Abril,Lunes,clases,
2029-04-03,2029,4,3,Abril,Martes,clases,
2029-04-04,2029,4,4,Abril,Miércoles,clases,
2029-04-05,2029,4,5,Abril,Jueves,clases,
2029-04-06,2029,4,6,Abril,Viernes,clases,
2029-04-07,2029,4,7,Abril,Sábado,fin_semana,
2029-04-08,2029,4,8,Abril,Domingo,fin_semana,
2029-04-09,2029,4,9,Abril,Lunes,clases,
2029-04-10,2029,4,10,Abril,Martes,clases,
2029-04-11,2029,4,11,Abril,Miércoles,clases,
2029-04-12,2029,4,12,Abril,Jueves,clases,
2029-04-13,2029,4,13,Abril,Viernes,clases,
2029-04-14,2029,4,14,Abril,Sábado,fin_semana,
2029-04-15,2029,4,15,Abril,Domingo,fin_semana,
2029-04-16,2029,4,16,Abril,Lunes,clases,
2029-04-17,2029,4,17,Abril,Martes,clases,
2029-04-18,2029,4,18,Abril,Miércoles,clases,
2029-04-19,2029,4,19,Abril,Jueves,clases,
2029-04-20,2029,4,20,Abril,Viernes,clases,
2029-04-21,2029,4,21,Abril,Sábado,fin_semana,
2029-04-22,2029,4,22,Abril,Domingo,fin_semana,
2029-04-23,2029,4,23,Abril,Lunes,clases,
2029-04-24,2029,4,24,Abril,Martes,clases,
2029-04-25,2029,4,25,Abril,Miércoles,clases,
2029-04-26,2029,4,26,Abril,Jueves,clases,
2029-04-27,2029,4,27,Abril,Viernes,clases,
2029-04-28,2029,4,28,Abril,Sábado,fin_semana,
2029-04-29,2029,4,29,Abril,Domingo,fin_semana,
2029-04-30,2029,4,30,Abril,Lunes,clases,
2029-05-01,2029,5,1,Mayo,Martes,feriado,Día del Trabajo
2029-05-02,2029,5,2,Mayo,Miércoles,clases,
2029-05-03,2029,5,3,Mayo,Jueves,clases,
2029-05-04,2029,5,4,Mayo,Viernes,clases,
2029-05-05,2029,5,5,Mayo,Sábado,fin_semana,
2029-05-06,2029,5,6,Mayo,Domingo,fin_semana,
2029-05-07,2029,5,7,Mayo,Lunes,clases,
2029-05-08,2029,5,8,Mayo,Martes,clases,
2029-05-09,2029,5,9,Mayo,Miércoles,clases,
2029-05-10,2029,5,10,Mayo,Jueves,clases,
2029-05-11,2029,5,11,Mayo,Viernes,clases,
2029-05-12,2029,5,12,Mayo,Sábado,fin_semana,
2029-05-13,2029,5,13,Mayo,Domingo,fin_semana,
2029-05-14,2029,5,14,Mayo,Lunes,clases,
2029-05-15,2029,5,15,Mayo,Martes,clases,
2029-05-16,2029,5,16,Mayo,Miércoles,clases,
2029-05-17,2029,5,17,Mayo,Jueves,clases,
2029-05-18,2029,5,18,Mayo,Viernes,clases,
2029-05-19,2029,5,19,Mayo,Sábado,fin_semana,
2029-05-20,2029,5,20,Mayo,Domingo,fin_semana,
2029-05-21,2029,5,21,Mayo,Lunes,clases,
2029-05-22,2029,5,22,Mayo,Martes,clases,
2029-05-23,2029,5,23,Mayo,Miércoles,clases,
2029-05-24,2029,5,24,Mayo,Jueves,clases,
2029-05-25,2029,5,25,Mayo,Viernes,clases,
2029-05-26,2029,5,26,Mayo,Sábado,fin_semana,
2029-05-27,2029,5,27,Mayo,Domingo,fin_semana,
2029-05-28,2029,5,28,Mayo,Lunes,clases,
2029-05-29,2029,5,29,Mayo,Martes,clases,
2029-05-30,2029,5,30,Mayo,Miércoles,clases,
2029-05-31,2029,5,31,Mayo,Jueves,clases,
2029-06-01,2029,6,1,Junio,Viernes,clases,
2029-06-02,2029,6,2,Junio,Sábado,fin_semana,
2029-06-03,2029,6,3,Junio,Domingo,fin_semana,
2029-06-04,2029,6,4,Junio,Lunes,clases,
2029-06-05,2029,6,5,Junio,Martes,clases,
2029-06-06,2029,6,6,Junio,Miércoles,clases,
2029-06-07,2029,6,7,Junio,Jueves,clases,
2029-06-08,2029,6,8,Junio,Viernes,clases,
2029-06-09,2029,6,9,Junio,Sábado,fin_semana,
2029-06-10,2029,6,10,Junio,Domingo,fin_semana,
2029-06-11,2029,6,11,Junio,Lunes,clases,
2029-06-12,2029,6,12,Junio,Martes,clases,
2029-06-13,2029,6,13,Junio,Miércoles,clases,
2029-06-14,2029,6,14,Junio,Jueves,clases,
2029-06-15,2029,6,15,Junio,Viernes,clases,
2029-06-16,2029,6,16,Junio,Sábado,fin_semana,
2029-06-17,2029,6,17,Junio,Domingo,fin_semana,
2029-06-18,2029,6,18,Junio,Lunes,clases,
2029-06-19,2029,6,19,Junio,Martes,clases,
2029-06-20,2029,6,20,Junio,Miércoles,clases,
2029-06-21,2029,6,21,Junio,Jueves,clases,
2029-06-22,2029,6,22,Junio,Viernes,clases,
2029-06-23,2029,6,23,Junio,Sábado,fin_semana,
2029-06-24,2029,6,24,Junio,Domingo,fin_semana,
2029-06-25,2029,6,25,Junio,Lunes,clases,
2029-06-26,2029,6,26,Junio,Martes,clases,
2029-06-27,2029,6,27,Junio,Miércoles,clases,
2029-06-28,2029,6,28,Junio,Jueves,clases,
2029-06-29,2029,6,29,Junio,Viernes,clases,
2029-06-30,2029,6,30,Junio,Sábado,fin_semana,
2029-07-01,2029,7,1,Julio,Domingo,fin_semana,
2029-07-02,2029,7,2,Julio,Lunes,clases,
2029-07-03,2029,7,3,Julio,Martes,clases,
2029-07-04,2029,7,4,Julio,Miércoles,clases,
2029-07-05,2029,7,5,Julio,Jueves,clases,
2029-07-06,2029,7,6,Julio,Viernes,clases,
2029-07-07,2029,7,7,Julio,Sábado,fin_semana,
2029-07-08,2029,7,8,Julio,Domingo,fin_semana,
2029-07-09,2029,7,9,Julio,Lunes,clases,
2029-07-10,2029,7,10,Julio,Martes,clases,
2029-07-11,2029,7,11,Julio,Miércoles,clases,
2029-07-12,2029,7,12,Julio,Jueves,clases,
2029-07-13,2029,7,13,Julio,Viernes,clases,
2029-07-14,2029,7,14,Julio,Sábado,fin_semana,
2029-07-15,2029,7,15,Julio,Domingo,fin_semana,
2029-07-16,2029,7,16,Julio,Lunes,clases,
2029-07-17,2029,7,17,Julio,Martes,clases,
2029-07-18,2029,7,18,Julio,Miércoles,clases,
2029-07-19,2029,7,19,Julio,Jueves,clases,
2029-07-20,2029,7,20,Julio,Viernes,clases,
2029-07-21,2029,7,21,Julio,Sábado,fin_semana,
2029-07-22,2029,7,22,Julio,Domingo,fin_semana,
2029-07-23,2029,7,23,Julio,Lunes,clases,
2029-07-24,2029,7,24,Julio,Martes,clases,
2029-07-25,2029,7,25,Julio,Miércoles,clases,
2029-07-26,2029,7,26,Julio,Jueves,clases,
2029-07-27,2029,7,27,Julio,Viernes,clases,
2029-07-28,2029,7,28,Julio,Sábado,fin_semana,
2029-07-29,2029,7,29,Julio,Domingo,fin_semana,
2029-07-30,2029,7,30,Julio,Lunes,clases,
2029-07-31,2029,7,31,Julio,Martes,clases,
2029-08-01,2029,8,1,Agosto,Miércoles,clases,
2029-08-02,2029,8,2,Agosto,Jueves,clases,
2029-08-03,2029,8,3,Agosto,Viernes,clases,
2029-08-04,2029,8,4,Agosto,Sábado,fin_semana,
2029-08-05,2029,8,5,Agosto,Domingo,fin_semana,
2029-08-06,2029,8,6,Agosto,Lunes,clases,
2029-08-07,2029,8,7,Agosto,Martes,clases,
2029-08-08,2029,8,8,Agosto,Miércoles,clases,
2029-08-09,2029,8,9,Agosto,Jueves,clases,
2029-08-10,2029,8,10,Agosto,Viernes,clases,
2029-08-11,2029,8,11,Agosto,Sábado,fin_semana,
2029-08-12,2029,8,12,Agosto,Domingo,fin_semana,
2029-08-13,2029,8,13,Agosto,Lunes,clases,
2029-08-14,2029,8,14,Agosto,Martes,clases,
2029-08-15,2029,8,15,Agosto,Miércoles,clases,
2029-08-16,2029,8,16,Agosto,Jueves,clases,
2029-08-17,2029,8,17,Agosto,Viernes,clases,
2029-08-18,2029,8,18,Agosto,Sábado,fin_semana,
2029-08-19,2029,8,19,Agosto,Domingo,fin_semana,
2029-08-20,2029,8,20,Agosto,Lunes,clases,
2029-08-21,2029,8,21,Agosto,Martes,clases,
2029-08-22,2029,8,22,Agosto,Miércoles,clases,
2029-08-23,2029,8,23,Agosto,Jueves,clases,
2029-08-24,2029,8,24,Agosto,Viernes,clases,
2029-08-25,2029,8,25,Agosto,Sábado,fin_semana,
2029-08-26,2029,8,26,Agosto,Domingo,fin_semana,
2029-08-27,2029,8,27,Agosto,Lunes,clases,
2029-08-28,2029,8,28,Agosto,Martes,clases,
2029-08-29,2029,8,29,Agosto,Miércoles,clases,
2029-08-30,2029,8,30,Agosto,Jueves,clases,
2029-08-31,2029,8,31,Agosto,Viernes,clases,
2029-09-01,2029,9,1,Septiembre,Sábado,fin_semana,
2029-09-02,2029,9,2,Septiembre,Domingo,fin_semana,
2029-09-03,2029,9,3,Septiembre,Lunes,clases,
2029-09-04,2029,9,4,Septiembre,Martes,clases,
2029-09-05,2029,9,5,Septiembre,Miércoles,clases,
2029-09-06,2029,9,6,Septiembre,Jueves,clases,
2029-09-07,2029,9,7,Septiembre,Viernes,clases,
2029-09-08,2029,9,8,Septiembre,Sábado,fin_semana,
2029-09-09,2029,9,9,Septiembre,Domingo,fin_semana,
2029-09-10,2029,9,10,Septiembre,Lunes,clases,
2029-09-11,2029,9,11,Septiembre,Martes,clases,
2029-09-12,2029,9,12,Septiembre,Miércoles,clases,
2029-09-13,2029,9,13,Septiembre,Jueves,clases,
2029-09-14,2029,9,14,Septiembre,Viernes,clases,
2029-09-15,2029,9,15,Septiembre,Sábado,fin_semana,
2029-09-16,2029,9,16,Septiembre,Domingo,feriado,Independencia
2029-09-17,2029,9,17,Septiembre,Lunes,clases,
2029-09-18,2029,9,18,Septiembre,Martes,clases,
2029-09-19,2029,9,19,Septiembre,Miércoles,clases,
2029-09-20,2029,9,20,Septiembre,Jueves,clases,
2029-09-21,2029,9,21,Septiembre,Viernes,clases,
2029-09-22,2029,9,22,Septiembre,Sábado,fin_semana,
2029-09-23,2029,9,23,Septiembre,Domingo,fin_semana,
2029-09-24,2029,9,24,Septiembre,Lunes,clases,
2029-09-25,2029,9,25,Septiembre,Martes,clases,
2029-09-26,2029,9,26,Septiembre,Miércoles,clases,
2029-09-27,2029,9,27,Septiembre,Jueves,clases,
2029-09-28,2029,9,28,Septiembre,Viernes,clases,
2029-09-29,2029,9,29,Septiembre,Sábado,fin_semana,
2029-09-30,2029,9,30,Septiembre,Domingo,fin_semana,
2029-10-01,2029,10,1,Octubre,Lunes,clases,
2029-10-02,2029,10,2,Octubre,Martes,clases,
2029-10-03,2029,10,3,Octubre,Miércoles,clases,
2029-10-04,2029,10,4,Octubre,Jueves,clases,
2029-10-05,2029,10,5,Octubre,Viernes,clases,
2029-10-06,2029,10,6,Octubre,Sábado,fin_semana,
2029-10-07,2029,10,7,Octubre,Domingo,fin_semana,
2029-10-08,2029,10,8,Octubre,Lunes,clases,
2029-10-09,2029,10,9,Octubre,Martes,clases,
2029-10-10,2029,10,10,Octubre,Miércoles,clases,
2029-10-11,2029,10,11,Octubre,Jueves,clases,
2029-10-12,2029,10,12,Octubre,Viernes,clases,
2029-10-13,2029,10,13,Octubre,Sábado,fin_semana,
2029-10-14,2029,10,14,Octubre,Domingo,fin_semana,
2029-10-15,2029,10,15,Octubre,Lunes,clases,
2029-10-16,2029,10,16,Octubre,Martes,clases,
2029-10-17,2029,10,17,Octubre,Miércoles,clases,
2029-10-18,2029,10,18,Octubre,Jueves,clases,
2029-10-19,2029,10,19,Octubre,Viernes,clases,
2029-10-20,2029,10,20,Octubre,Sábado,fin_semana,
2029-10-21,2029,10,21,Octubre,Domingo,fin_semana,
2029-10-22,2029,10,22,Octubre,Lunes,clases,
2029-10-23,2029,10,23,Octubre,Martes,clases,
2029-10-24,2029,10,24,Octubre,Miércoles,clases,
2029-10-25,2029,10,25,Octubre,Jueves,clases,
2029-10-26,2029,10,26,Octubre,Viernes,clases,
2029-10-27,2029,10,27,Octubre,Sábado,fin_semana,
2029-10-28,2029,10,28,Octubre,Domingo,fin_semana,
2029-10-29,2029,10,29,Octubre,Lunes,clases,
2029-10-30,2029,10,30,Octubre,Martes,clases,
2029-10-31,2029,10,31,Octubre,Miércoles,clases,
2029-11-01,2029,11,1,Noviembre,Jueves,clases,
2029-11-02,2029,11,2,Noviembre,Viernes,clases,
2029-11-03,2029,11,3,Noviembre,Sábado,fin_semana,
2029-11-04,2029,11,4,Noviembre,Domingo,fin_semana,
2029-11-05,2029,11,5,Noviembre,Lunes,clases,
2029-11-06,2029,11,6,Noviembre,Martes,clases,
2029-11-07,2029,11,7,Noviembre,Miércoles,clases,
2029-11-08,2029,11,8,Noviembre,Jueves,clases,
2029-11-09,2029,11,9,Noviembre,Viernes,clases,
2029-11-10,2029,11,10,Noviembre,Sábado,fin_semana,
2029-11-11,2029,11,11,Noviembre,Domingo,fin_semana,
2029-11-12,2029,11,12,Noviembre,Lunes,clases,
2029-11-13,2029,11,13,Noviembre,Martes,clases,
2029-11-14,2029,11,14,Noviembre,Miércoles,clases,
2029-11-15,2029,11,15,Noviembre,Jueves,clases,
2029-11-16,2029,11,16,Noviembre,Viernes,clases,
2029-11-17,2029,11,17,Noviembre,Sábado,fin_semana,
2029-11-18,2029,11,18,Noviembre,Domingo,fin_semana,
2029-11-19,2029,11,19,Noviembre,Lunes,feriado,Revolución Mexicana
2029-11-20,2029,11,20,Noviembre,Martes,clases,
2029-11-21,2029,11,21,Noviembre,Miércoles,clases,
2029-11-22,2029,11,22,Noviembre,Jueves,clases,
2029-11-23,2029,11,23,Noviembre,Viernes,clases,
2029-11-24,2029,11,24,Noviembre,Sábado,fin_semana,
2029-11-25,2029,11,25,Noviembre,Domingo,fin_semana,
2029-11-26,2029,11,26,Noviembre,Lunes,clases,
2029-11-27,2029,11,27,Noviembre,Martes,clases,
2029-11-28,2029,11,28,Noviembre,Miércoles,clases,
2029-11-29,2029,11,29,Noviembre,Jueves,clases,
2029-11-30,2029,11,30,Noviembre,Viernes,clases,
2029-12-01,2029,12,1,Diciembre,Sábado,fin_semana,
2029-12-02,2029,12,2,Diciembre,Domingo,fin_semana,
2029-12-03,2029,12,3,Diciembre,Lunes,clases,
2029-12-04,2029,12,4,Diciembre,Martes,clases,
2029-12-05,2029,12,5,Diciembre,Miércoles,clases,
2029-12-06,2029,12,6,Diciembre,Jueves,clases,
2029-12-07,2029,12,7,Diciembre,Viernes,clases,
2029-12-08,2029,12,8,Diciembre,Sábado,fin_semana,
2029-12-09,2029,12,9,Diciembre,Domingo,fin_semana,
2029-12-10,2029,12,10,Diciembre,Lunes,clases,
2029-12-11,2029,12,11,Diciembre,Martes,clases,
2029-12-12,2029,12,12,Diciembre,Miércoles,clases,
2029-12-13,2029,12,13,Diciembre,Jueves,clases,
2029-12-14,2029,12,14,Diciembre,Viernes,clases,
2029-12-15,2029,12,15,Diciembre,Sábado,fin_semana,
2029-12-16,2029,12,16,Diciembre,Domingo,fin_semana,
2029-12-17,2029,12,17,Diciembre,Lunes,clases,
2029-12-18,2029,12,18,Diciembre,Martes,clases,
2029-12-19,2029,12,19,Diciembre,Miércoles,clases,
2029-12-20,2029,12,20,Diciembre,Jueves,clases,
2029-12-21,2029,12,21,Diciembre,Viernes,clases,
2029-12-22,2029,12,22,Diciembre,Sábado,fin_semana,
2029-12-23,2029,12,23,Diciembre,Domingo,fin_semana,
2029-12-24,2029,12,24,Diciembre,Lunes,clases,
2029-12-25,2029,12,25,Diciembre,Martes,feriado,Navidad
2029-12-26,2029,12,26,Diciembre,Miércoles,clases,
2029-12-27,2029,12,27,Diciembre,Jueves,clases,
2029-12-28,2029,12,28,Diciembre,Viernes,clases,
2029-12-29,2029,12,29,Diciembre,Sábado,fin_semana,
2029-12-30,2029,12,30,Diciembre,Domingo,fin_semana,
2029-12-31,2029,12,31,Diciembre,Lunes,clases,
2030-01-01,2030,1,1,Enero,Martes,feriado,Año Nuevo
2030-01-02,2030,1,2,Enero,Miércoles,clases,
2030-01-03,2030,1,3,Enero,Jueves,clases,
2030-01-04,2030,1,4,Enero,Viernes,clases,
2030-01-05,2030,1,5,Enero,Sábado,fin_semana,
2030-01-06,2030,1,6,Enero,Domingo,fin_semana,
2030-01-07,2030,1,7,Enero,Lunes,clases,
2030-01-08,2030,1,8,Enero,Martes,clases,
2030-01-09,2030,1,9,Enero,Miércoles,clases,
2030-01-10,2030,1,10,Enero,Jueves,clases,
2030-01-11,2030,1,11,Enero,Viernes,clases,
2030-01-12,2030,1,12,Enero,Sábado,fin_semana,
2030-01-13,2030,1,13,Enero,Domingo,fin_semana,
2030-01-14,2030,1,14,Enero,Lunes,clases,
2030-01-15,2030,1,15,Enero,Martes,clases,
2030-01-16,2030,1,16,Enero,Miércoles,clases,
2030-01-17,2030,1,17,Enero,Jueves,clases,
2030-01-18,2030,1,18,Enero,Viernes,clases,
2030-01-19,2030,1,19,Enero,Sábado,fin_semana,
2030-01-20,2030,1,20,Enero,Domingo,fin_semana,
2030-01-21,2030,1,21,Enero,Lunes,clases,
2030-01-22,2030,1,22,Enero,Martes,clases,
2030-01-23,2030,1,23,Enero,Miércoles,clases,
2030-01-24,2030,1,24,Enero,Jueves,clases,
2030-01-25,2030,1,25,Enero,Viernes,clases,
2030-01-26,2030,1,26,Enero,Sábado,fin_semana,
2030-01-27,2030,1,27,Enero,Domingo,fin_semana,
2030-01-28,2030,1,28,Enero,Lunes,clases,
2030-01-29,2030,1,29,Enero,Martes,clases,
2030-01-30,2030,1,30,Enero,Miércoles,clases,
2030-01-31,2030,1,31,Enero,Jueves,clases,
2030-02-01,2030,2,1,Febrero,Viernes,clases,
2030-02-02,2030,2,2,Febrero,Sábado,fin_semana,
2030-02-03,2030,2,3,Febrero,Domingo,fin_semana,
2030-02-04,2030,2,4,Febrero,Lunes,feriado,Constitución
2030-02-05,2030,2,5,Febrero,Martes,clases,
2030-02-06,2030,2,6,Febrero,Miércoles,clases,
2030-02-07,2030,2,7,Febrero,Jueves,clases,
2030-02-08,2030,2,8,Febrero,Viernes,clases,
2030-02-09,2030,2,9,Febrero,Sábado,fin_semana,
2030-02-10,2030,2,10,Febrero,Domingo,fin_semana,
2030-02-11,2030,2,11,Febrero,Lunes,clases,
2030-02-12,2030,2,12,Febrero,Martes,clases,
2030-02-13,2030,2,13,Febrero,Miércoles,clases,
2030-02-14,2030,2,14,Febrero,Jueves,clases,
2030-02-15,2030,2,15,Febrero,Viernes,clases,
2030-02-16,2030,2,16,Febrero,Sábado,fin_semana,
2030-02-17,2030,2,17,Febrero,Domingo,fin_semana,
2030-02-18,2030,2,18,Febrero,Lunes,clases,
2030-02-19,2030,2,19,Febrero,Martes,clases,
2030-02-20,2030,2,20,Febrero,Miércoles,clases,
2030-02-21,2030,2,21,Febrero,Jueves,clases,
2030-02-22,2030,2,22,Febrero,Viernes,clases,
2030-02-23,2030,2,23,Febrero,Sábado,fin_semana,
2030-02-24,2030,2,24,Febrero,Domingo,fin_semana,
2030-02-25,2030,2,25,Febrero,Lunes,clases,
2030-02-26,2030,2,26,Febrero,Martes,clases,
2030-02-27,2030,2,27,Febrero,Miércoles,clases,
2030-02-28,2030,2,28,Febrero,Jueves,clases,
2030-03-01,2030,3,1,Marzo,Viernes,clases,
2030-03-02,2030,3,2,Marzo,Sábado,fin_semana,
2030-03-03,2030,3,3,Marzo,Domingo,fin_semana,
2030-03-04,2030,3,4,Marzo,Lunes,clases,
2030-03-05,2030,3,5,Marzo,Martes,clases,
2030-03-06,2030,3,6,Marzo,Miércoles,clases,
2030-03-07,2030,3,7,Marzo,Jueves,clases,
2030-03-08,2030,3,8,Marzo,Viernes,clases,
2030-03-09,2030,3,9,Marzo,Sábado,fin_semana,
2030-03-10,2030,3,10,Marzo,Domingo,fin_semana,
2030-03-11,2030,3,11,Marzo,Lunes,clases,
2030-03-12,2030,3,12,Marzo,Martes,clases,
2030-03-13,2030,3,13,Marzo,Miércoles,clases,
2030-03-14,2030,3,14,Marzo,Jueves,clases,
2030-03-15,2030,3,15,Marzo,Viernes,clases,
2030-03-16,2030,3,16,Marzo,Sábado,fin_semana,
2030-03-17,2030,3,17,Marzo,Domingo,fin_semana,
2030-03-18,2030,3,18,Marzo,Lunes,feriado,Benito Juárez
2030-03-19,2030,3,19,Marzo,Martes,clases,
2030-03-20,2030,3,20,Marzo,Miércoles,clases,
2030-03-21,2030,3,21,Marzo,Jueves,clases,
2030-03-22,2030,3,22,Marzo,Viernes,clases,
2030-03-23,2030,3,23,Marzo,Sábado,fin_semana,
2030-03-24,2030,3,24,Marzo,Domingo,fin_semana,
2030-03-25,2030,3,25,Marzo,Lunes,clases,
2030-03-26,2030,3,26,Marzo,Martes,clases,
2030-03-27,2030,3,27,Marzo,Miércoles,clases,
2030-03-28,2030,3,28,Marzo,Jueves,clases,
2030-03-29,2030,3,29,Marzo,Viernes,clases,
2030-03-30,2030,3,30,Marzo,Sábado,fin_semana,
2030-03-31,2030,3,31,Marzo,Domingo,fin_semana,
2030-04-01,2030,4,1,Abril,Lunes,clases,
2030-04-02,2030,4,2,Abril,Martes,clases,
2030-04-03,2030,4,3,Abril,Miércoles,clases,
2030-04-04,2030,4,4,Abril,Jueves,clases,
2030-04-05,2030,4,5,Abril,Viernes,clases,
2030-04-06,2030,4,6,Abril,Sábado,fin_semana,
2030-04-07,2030,4,7,Abril,Domingo,fin_semana,
2030-04-08,2030,4,8,Abril,Lunes,clases,
2030-04-09,2030,4,9,Abril,Martes,clases,
2030-04-10,2030,4,10,Abril,Miércoles,clases,
2030-04-11,2030,4,11,Abril,Jueves,clases,
2030-04-12,2030,4,12,Abril,Viernes,clases,
2030-04-13,2030,4,13,Abril,Sábado,fin_semana,
2030-04-14,2030,4,14,Abril,Domingo,fin_semana,
2030-04-15,2030,4,15,Abril,Lunes,clases,
2030-04-16,2030,4,16,Abril,Martes,clases,
2030-04-17,2030,4,17,Abril,Miércoles,clases,
2030-04-18,2030,4,18,Abril,Jueves,clases,
2030-04-19,2030,4,19,Abril,Viernes,clases,
2030-04-20,2030,4,20,Abril,Sábado,fin_semana,
2030-04-21,2030,4,21,Abril,Domingo,fin_semana,
2030-04-22,2030,4,22,Abril,Lunes,clases,
2030-04-23,2030,4,23,Abril,Martes,clases,
2030-04-24,2030,4,24,Abril,Miércoles,clases,
2030-04-25,2030,4,25,Abril,Jueves,clases,
2030-04-26,2030,4,26,Abril,Viernes,clases,
2030-04-27,2030,4,27,Abril,Sábado,fin_semana,
2030-04-28,2030,4,28,Abril,Domingo,fin_semana,
2030-04-29,2030,4,29,Abril,Lunes,clases,
2030-04-30,2030,4,30,Abril,Martes,clases,
2030-05-01,2030,5,1,Mayo,Miércoles,feriado,Día del Trabajo
2030-05-02,2030,5,2,Mayo,Jueves,clases,
2030-05-03,2030,5,3,Mayo,Viernes,clases,
2030-05-04,2030,5,4,Mayo,Sábado,fin_semana,
2030-05-05,2030,5,5,Mayo,Domingo,fin_semana,
2030-05-06,2030,5,6,Mayo,Lunes,clases,
2030-05-07,2030,5,7,Mayo,Martes,clases,
2030-05-08,2030,5,8,Mayo,Miércoles,clases,
2030-05-09,2030,5,9,Mayo,Jueves,clases,
2030-05-10,2030,5,10,Mayo,Viernes,clases,
2030-05-11,2030,5,11,Mayo,Sábado,fin_semana,
2030-05-12,2030,5,12,Mayo,Domingo,fin_semana,
2030-05-13,2030,5,13,Mayo,Lunes,clases,
2030-05-14,2030,5,14,Mayo,Martes,clases,
2030-05-15,2030,5,15,Mayo,Miércoles,clases,
2030-05-16,2030,5,16,Mayo,Jueves,clases,
2030-05-17,2030,5,17,Mayo,Viernes,clases,
2030-05-18,2030,5,18,Mayo,Sábado,fin_semana,
2030-05-19,2030,5,19,Mayo,Domingo,fin_semana,
2030-05-20,2030,5,20,Mayo,Lunes,clases,
2030-05-21,2030,5,21,Mayo,Martes,clases,
2030-05-22,2030,5,22,Mayo,Miércoles,clases,
2030-05-23,2030,5,23,Mayo,Jueves,clases,
2030-05-24,2030,5,24,Mayo,Viernes,clases,
2030-05-25,2030,5,25,Mayo,Sábado,fin_semana,
2030-05-26,2030,5,26,Mayo,Domingo,fin_semana,
2030-05-27,2030,5,27,Mayo,Lunes,clases,
2030-05-28,2030,5,28,Mayo,Martes,clases,
2030-05-29,2030,5,29,Mayo,Miércoles,clases,
2030-05-30,2030,5,30,Mayo,Jueves,clases,
2030-05-31,2030,5,31,Mayo,Viernes,clases,
2030-06-01,2030,6,1,Junio,Sábado,fin_semana,
2030-06-02,2030,6,2,Junio,Domingo,fin_semana,
2030-06-03,2030,6,3,Junio,Lunes,clases,
2030-06-04,2030,6,4,Junio,Martes,clases,
2030-06-05,2030,6,5,Junio,Miércoles,clases,
2030-06-06,2030,6,6,Junio,Jueves,clases,
2030-06-07,2030,6,7,Junio,Viernes,clases,
2030-06-08,2030,6,8,Junio,Sábado,fin_semana,
2030-06-09,2030,6,9,Junio,Domingo,fin_semana,
2030-06-10,2030,6,10,Junio,Lunes,clases,
2030-06-11,2030,6,11,Junio,Martes,clases,
2030-06-12,2030,6,12,Junio,Miércoles,clases,
2030-06-13,2030,6,13,Junio,Jueves,clases,
2030-06-14,2030,6,14,Junio,Viernes,clases,
2030-06-15,2030,6,15,Junio,Sábado,fin_semana,
2030-06-16,2030,6,16,Junio,Domingo,fin_semana,
2030-06-17,2030,6,17,Junio,Lunes,clases,
2030-06-18,2030,6,18,Junio,Martes,clases,
2030-06-19,2030,6,19,Junio,Miércoles,clases,
2030-06-20,2030,6,20,Junio,Jueves,clases,
2030-06-21,2030,6,21,Junio,Viernes,clases,
2030-06-22,2030,6,22,Junio,Sábado,fin_semana,
2030-06-23,2030,6,23,Junio,Domingo,fin_semana,
2030-06-24,2030,6,24,Junio,Lunes,clases,
2030-06-25,2030,6,25,Junio,Martes,clases,
2030-06-26,2030,6,26,Junio,Miércoles,clases,
2030-06-27,2030,6,27,Junio,Jueves,clases,
2030-06-28,2030,6,28,Junio,Viernes,clases,
2030-06-29,2030,6,29,Junio,Sábado,fin_semana,
2030-06-30,2030,6,30,Junio,Domingo,fin_semana,
2030-07-01,2030,7,1,Julio,Lunes,clases,
2030-07-02,2030,7,2,Julio,Martes,clases,
2030-07-03,2030,7,3,Julio,Miércoles,clases,
2030-07-04,2030,7,4,Julio,Jueves,clases,
2030-07-05,2030,7,5,Julio,Viernes,clases,
2030-07-06,2030,7,6,Julio,Sábado,fin_semana,
2030-07-07,2030,7,7,Julio,Domingo,fin_semana,
2030-07-08,2030,7,8,Julio,Lunes,clases,
2030-07-09,2030,7,9,Julio,Martes,clases,
2030-07-10,2030,7,10,Julio,Miércoles,clases,
2030-07-11,2030,7,11,Julio,Jueves,clases,
2030-07-12,2030,7,12,Julio,Viernes,clases,
2030-07-13,2030,7,13,Julio,Sábado,fin_semana,
2030-07-14,2030,7,14,Julio,Domingo,fin_semana,
2030-07-15,2030,7,15,Julio,Lunes,clases,
2030-07-16,2030,7,16,Julio,Martes,clases,
2030-07-17,2030,7,17,Julio,Miércoles,clases,
2030-07-18,2030,7,18,Julio,Jueves,clases,
2030-07-19,2030,7,19,Julio,Viernes,clases,
2030-07-20,2030,7,20,Julio,Sábado,fin_semana,
2030-07-21,2030,7,21,Julio,Domingo,fin_semana,
2030-07-22,2030,7,22,Julio,Lunes,clases,
2030-07-23,2030,7,23,Julio,Martes,clases,
2030-07-24,2030,7,24,Julio,Miércoles,clases,
2030-07-25,2030,7,25,Julio,Jueves,clases,
2030-07-26,2030,7,26,Julio,Viernes,clases,
2030-07-27,2030,7,27,Julio,Sábado,fin_semana,
2030-07-28,2030,7,28,Julio,Domingo,fin_semana,
2030-07-29,2030,7,29,Julio,Lunes,clases,
2030-07-30,2030,7,30,Julio,Martes,clases,
2030-07-31,2030,7,31,Julio,Miércoles,clases,
2030-08-01,2030,8,1,Agosto,Jueves,clases,
2030-08-02,2030,8,2,Agosto,Viernes,clases,
2030-08-03,2030,8,3,Agosto,Sábado,fin_semana,
2030-08-04,2030,8,4,Agosto,Domingo,fin_semana,
2030-08-05,2030,8,5,Agosto,Lunes,clases,
2030-08-06,2030,8,6,Agosto,Martes,clases,
2030-08-07,2030,8,7,Agosto,Miércoles,clases,
2030-08-08,2030,8,8,Agosto,Jueves,clases,
2030-08-09,2030,8,9,Agosto,Viernes,clases,
2030-08-10,2030,8,10,Agosto,Sábado,fin_semana,
2030-08-11,2030,8,11,Agosto,Domingo,fin_semana,
2030-08-12,2030,8,12,Agosto,Lunes,clases,
2030-08-13,2030,8,13,Agosto,Martes,clases,
2030-08-14,2030,8,14,Agosto,Miércoles,clases,
2030-08-15,2030,8,15,Agosto,Jueves,clases,
2030-08-16,2030,8,16,Agosto,Viernes,clases,
2030-08-17,2030,8,17,Agosto,Sábado,fin_semana,
2030-08-18,2030,8,18,Agosto,Domingo,fin_semana,
2030-08-19,2030,8,19,Agosto,Lunes,clases,
2030-08-20,2030,8,20,Agosto,Martes,clases,
2030-08-21,2030,8,21,Agosto,Miércoles,clases,
2030-08-22,2030,8,22,Agosto,Jueves,clases,
2030-08-23,2030,8,23,Agosto,Viernes,clases,
2030-08-24,2030,8,24,Agosto,Sábado,fin_semana,
2030-08-25,2030,8,25,Agosto,Domingo,fin_semana,
2030-08-26,2030,8,26,Agosto,Lunes,clases,
2030-08-27,2030,8,27,Agosto,Martes,clases,
2030-08-28,2030,8,28,Agosto,Miércoles,clases,
2030-08-29,2030,8,29,Agosto,Jueves,clases,
2030-08-30,2030,8,30,Agosto,Viernes,clases,
2030-08-31,2030,8,31,Agosto,Sábado,fin_semana,
2030-09-01,2030,9,1,Septiembre,Domingo,fin_semana,
2030-09-02,2030,9,2,Septiembre,Lunes,clases,
2030-09-03,2030,9,3,Septiembre,Martes,clases,
2030-09-04,2030,9,4,Septiembre,Miércoles,clases,
2030-09-05,2030,9,5,Septiembre,Jueves,clases,
2030-09-06,2030,9,6,Septiembre,Viernes,clases,
2030-09-07,2030,9,7,Septiembre,Sábado,fin_semana,
2030-09-08,2030,9,8,Septiembre,Domingo,fin_semana,
2030-09-09,2030,9,9,Septiembre,Lunes,clases,
2030-09-10,2030,9,10,Septiembre,Martes,clases,
2030-09-11,2030,9,11,Septiembre,Miércoles,clases,
2030-09-12,2030,9,12,Septiembre,Jueves,clases,
2030-09-13,2030,9,13,Septiembre,Viernes,clases,
2030-09-14,2030,9,14,Septiembre,Sábado,fin_semana,
2030-09-15,2030,9,15,Septiembre,Domingo,fin_semana,
2030-09-16,2030,9,16,Septiembre,Lunes,feriado,Independencia
2030-09-17,2030,9,17,Septiembre,Martes,clases,
2030-09-18,2030,9,18,Septiembre,Miércoles,clases,
2030-09-19,2030,9,19,Septiembre,Jueves,clases,
2030-09-20,2030,9,20,Septiembre,Viernes,clases,
2030-09-21,2030,9,21,Septiembre,Sábado,fin_semana,
2030-09-22,2030,9,22,Septiembre,Domingo,fin_semana,
2030-09-23,2030,9,23,Septiembre,Lunes,clases,
2030-09-24,2030,9,24,Septiembre,Martes,clases,
2030-09-25,2030,9,25,Septiembre,Miércoles,clases,
2030-09-26,2030,9,26,Septiembre,Jueves,clases,
2030-09-27,2030,9,27,Septiembre,Viernes,clases,
2030-09-28,2030,9,28,Septiembre,Sábado,fin_semana,
2030-09-29,2030,9,29,Septiembre,Domingo,fin_semana,
2030-09-30,2030,9,30,Septiembre,Lunes,clases,
2030-10-01,2030,10,1,Octubre,Martes,clases,
2030-10-02,2030,10,2,Octubre,Miércoles,clases,
2030-10-03,2030,10,3,Octubre,Jueves,clases,
2030-10-04,2030,10,4,Octubre,Viernes,clases,
2030-10-05,2030,10,5,Octubre,Sábado,fin_semana,
2030-10-06,2030,10,6,Octubre,Domingo,fin_semana,
2030-10-07,2030,10,7,Octubre,Lunes,clases,
2030-10-08,2030,10,8,Octubre,Martes,clases,
2030-10-09,2030,10,9,Octubre,Miércoles,clases,
2030-10-10,2030,10,10,Octubre,Jueves,clases,
2030-10-11,2030,10,11,Octubre,Viernes,clases,
2030-10-12,2030,10,12,Octubre,Sábado,fin_semana,
2030-10-13,2030,10,13,Octubre,Domingo,fin_semana,
2030-10-14,2030,10,14,Octubre,Lunes,clases,
2030-10-15,2030,10,15,Octubre,Martes,clases,
2030-10-16,2030,10,16,Octubre,Miércoles,clases,
2030-10-17,2030,10,17,Octubre,Jueves,clases,
2030-10-18,2030,10,18,Octubre,Viernes,clases,
2030-10-19,2030,10,19,Octubre,Sábado,fin_semana,
2030-10-20,2030,10,20,Octubre,Domingo,fin_semana,
2030-10-21,2030,10,21,Octubre,Lunes,clases,
2030-10-22,2030,10,22,Octubre,Martes,clases,
2030-10-23,2030,10,23,Octubre,Miércoles,clases,
2030-10-24,2030,10,24,Octubre,Jueves,clases,
2030-10-25,2030,10,25,Octubre,Viernes,clases,
2030-10-26,2030,10,26,Octubre,Sábado,fin_semana,
2030-10-27,2030,10,27,Octubre,Domingo,fin_semana,
2030-10-28,2030,10,28,Octubre,Lunes,clases,
2030-10-29,2030,10,29,Octubre,Martes,clases,
2030-10-30,2030,10,30,Octubre,Miércoles,clases,
2030-10-31,2030,10,31,Octubre,Jueves,clases,
2030-11-01,2030,11,1,Noviembre,Viernes,clases,
2030-11-02,2030,11,2,Noviembre,Sábado,fin_semana,
2030-11-03,2030,11,3,Noviembre,Domingo,fin_semana,
2030-11-04,2030,11,4,Noviembre,Lunes,clases,
2030-11-05,2030,11,5,Noviembre,Martes,clases,
2030-11-06,2030,11,6,Noviembre,Miércoles,clases,
2030-11-07,2030,11,7,Noviembre,Jueves,clases,
2030-11-08,2030,11,8,Noviembre,Viernes,clases,
2030-11-09,2030,11,9,Noviembre,Sábado,fin_semana,
2030-11-10,2030,11,10,Noviembre,Domingo,fin_semana,
2030-11-11,2030,11,11,Noviembre,Lunes,clases,
2030-11-12,2030,11,12,Noviembre,Martes,clases,
2030-11-13,2030,11,13,Noviembre,Miércoles,clases,
2030-11-14,2030,11,14,Noviembre,Jueves,clases,
2030-11-15,2030,11,15,Noviembre,Viernes,clases,
2030-11-16,2030,11,16,Noviembre,Sábado,fin_semana,
2030-11-17,2030,11,17,Noviembre,Domingo,fin_semana,
2030-11-18,2030,11,18,Noviembre,Lunes,feriado,Revolución Mexicana
2030-11-19,2030,11,19,Noviembre,Martes,clases,
2030-11-20,2030,11,20,Noviembre,Miércoles,clases,
2030-11-21,2030,11,21,Noviembre,Jueves,clases,
2030-11-22,2030,11,22,Noviembre,Viernes,clases,
2030-11-23,2030,11,23,Noviembre,Sábado,fin_semana,
2030-11-24,2030,11,24,Noviembre,Domingo,fin_semana,
2030-11-25,2030,11,25,Noviembre,Lunes,clases,
2030-11-26,2030,11,26,Noviembre,Martes,clases,
2030-11-27,2030,11,27,Noviembre,Miércoles,clases,
2030-11-28,2030,11,28,Noviembre,Jueves,clases,
2030-11-29,2030,11,29,Noviembre,Viernes,clases,
2030-11-30,2030,11,30,Noviembre,Sábado,fin_semana,
2030-12-01,2030,12,1,Diciembre,Domingo,fin_semana,
2030-12-02,2030,12,2,Diciembre,Lunes,clases,
2030-12-03,2030,12,3,Diciembre,Martes,clases,
2030-12-04,2030,12,4,Diciembre,Miércoles,clases,
2030-12-05,2030,12,5,Diciembre,Jueves,clases,
2030-12-06,2030,12,6,Diciembre,Viernes,clases,
2030-12-07,2030,12,7,Diciembre,Sábado,fin_semana,
2030-12-08,2030,12,8,Diciembre,Domingo,fin_semana,
2030-12-09,2030,12,9,Diciembre,Lunes,clases,
2030-12-10,2030,12,10,Diciembre,Martes,clases,
2030-12-11,2030,12,11,Diciembre,Miércoles,clases,
2030-12-12,2030,12,12,Diciembre,Jueves,clases,
2030-12-13,2030,12,13,Diciembre,Viernes,clases,
2030-12-14,2030,12,14,Diciembre,Sábado,fin_semana,
2030-12-15,2030,12,15,Diciembre,Domingo,fin_semana,
2030-12-16,2030,12,16,Diciembre,Lunes,clases,
2030-12-17,2030,12,17,Diciembre,Martes,clases,
2030-12-18,2030,12,18,Diciembre,Miércoles,clases,
2030-12-19,2030,12,19,Diciembre,Jueves,clases,
2030-12-20,2030,12,20,Diciembre,Viernes,clases,
2030-12-21,2030,12,21,Diciembre,Sábado,fin_semana,
2030-12-22,2030,12,22,Diciembre,Domingo,fin_semana,
2030-12-23,2030,12,23,Diciembre,Lunes,clases,
2030-12-24,2030,12,24,Diciembre,Martes,clases,
2030-12-25,2030,12,25,Diciembre,Miércoles,feriado,Navidad
2030-12-26,2030,12,26,Diciembre,Jueves,clases,
2030-12-27,2030,12,27,Diciembre,Viernes,clases,
2030-12-28,2030,12,28,Diciembre,Sábado,fin_semana,
2030-12-29,2030,12,29,Diciembre,Domingo,fin_semana,
2030-12-30,2030,12,30,Diciembre,Lunes,clases,
2030-12-31,2030,12,31,Diciembre,Martes,clases,
2031-01-01,2031,1,1,Enero,Miércoles,feriado,Año Nuevo
2031-01-02,2031,1,2,Enero,Jueves,clases,
2031-01-03,2031,1,3,Enero,Viernes,clases,
2031-01-04,2031,1,4,Enero,Sábado,fin_semana,
2031-01-05,2031,1,5,Enero,Domingo,fin_semana,
2031-01-06,2031,1,6,Enero,Lunes,clases,
2031-01-07,2031,1,7,Enero,Martes,clases,
2031-01-08,2031,1,8,Enero,Miércoles,clases,
2031-01-09,2031,1,9,Enero,Jueves,clases,
2031-01-10,2031,1,10,Enero,Viernes,clases,
2031-01-11,2031,1,11,Enero,Sábado,fin_semana,
2031-01-12,2031,1,12,Enero,Domingo,fin_semana,
2031-01-13,2031,1,13,Enero,Lunes,clases,
2031-01-14,2031,1,14,Enero,Martes,clases,
2031-01-15,2031,1,15,Enero,Miércoles,clases,
2031-01-16,2031,1,16,Enero,Jueves,clases,
2031-01-17,2031,1,17,Enero,Viernes,clases,
2031-01-18,2031,1,18,Enero,Sábado,fin_semana,
2031-01-19,2031,1,19,Enero,Domingo,fin_semana,
2031-01-20,2031,1,20,Enero,Lunes,clases,
2031-01-21,2031,1,21,Enero,Martes,clases,
2031-01-22,2031,1,22,Enero,Miércoles,clases,
2031-01-23,2031,1,23,Enero,Jueves,clases,
2031-01-24,2031,1,24,Enero,Viernes,clases,
2031-01-25,2031,1,25,Enero,Sábado,fin_semana,
2031-01-26,2031,1,26,Enero,Domingo,fin_semana,
2031-01-27,2031,1,27,Enero,Lunes,clases,
2031-01-28,2031,1,28,Enero,Martes,clases,
2031-01-29,2031,1,29,Enero,Miércoles,clases,
2031-01-30,2031,1,30,Enero,Jueves,clases,
2031-01-31,2031,1,31,Enero,Viernes,clases,
2031-02-01,2031,2,1,Febrero,Sábado,fin_semana,
2031-02-02,2031,2,2,Febrero,Domingo,fin_semana,
2031-02-03,2031,2,3,Febrero,Lunes,feriado,Constitución
2031-02-04,2031,2,4,Febrero,Martes,clases,
2031-02-05,2031,2,5,Febrero,Miércoles,clases,
2031-02-06,2031,2,6,Febrero,Jueves,clases,
2031-02-07,2031,2,7,Febrero,Viernes,clases,
2031-02-08,2031,2,8,Febrero,Sábado,fin_semana,
2031-02-09,2031,2,9,Febrero,Domingo,fin_semana,
2031-02-10,2031,2,10,Febrero,Lunes,clases,
2031-02-11,2031,2,11,Febrero,Martes,clases,
2031-02-12,2031,2,12,Febrero,Miércoles,clases,
2031-02-13,2031,2,13,Febrero,Jueves,clases,
2031-02-14,2031,2,14,Febrero,Viernes,clases,
2031-02-15,2031,2,15,Febrero,Sábado,fin_semana,
2031-02-16,2031,2,16,Febrero,Domingo,fin_semana,
2031-02-17,2031,2,17,Febrero,Lunes,clases,
2031-02-18,2031,2,18,Febrero,Martes,clases,
2031-02-19,2031,2,19,Febrero,Miércoles,clases,
2031-02-20,2031,2,20,Febrero,Jueves,clases,
2031-02-21,2031,2,21,Febrero,Viernes,clases,
2031-02-22,2031,2,22,Febrero,Sábado,fin_semana,
2031-02-23,2031,2,23,Febrero,Domingo,fin_semana,
2031-02-24,2031,2,24,Febrero,Lunes,clases,
2031-02-25,2031,2,25,Febrero,Martes,clases,
2031-02-26,2031,2,26,Febrero,Miércoles,clases,
2031-02-27,2031,2,27,Febrero,Jueves,clases,
2031-02-28,2031,2,28,Febrero,Viernes,clases,
2031-03-01,2031,3,1,Marzo,Sábado,fin_semana,
2031-03-02,2031,3,2,Marzo,Domingo,fin_semana,
2031-03-03,2031,3,3,Marzo,Lunes,clases,
2031-03-04,2031,3,4,Marzo,Martes,clases,
2031-03-05,2031,3,5,Marzo,Miércoles,clases,
2031-03-06,2031,3,6,Marzo,Jueves,clases,
2031-03-07,2031,3,7,Marzo,Viernes,clases,
2031-03-08,2031,3,8,Marzo,Sábado,fin_semana,
2031-03-09,2031,3,9,Marzo,Domingo,fin_semana,
2031-03-10,2031,3,10,Marzo,Lunes,clases,
2031-03-11,2031,3,11,Marzo,Martes,clases,
2031-03-12,2031,3,12,Marzo,Miércoles,clases,
2031-03-13,2031,3,13,Marzo,Jueves,clases,
2031-03-14,2031,3,14,Marzo,Viernes,clases,
2031-03-15,2031,3,15,Marzo,Sábado,fin_semana,
2031-03-16,2031,3,16,Marzo,Domingo,fin_semana,
2031-03-17,2031,3,17,Marzo,Lunes,feriado,Benito Juárez
2031-03-18,2031,3,18,Marzo,Martes,clases,
2031-03-19,2031,3,19,Marzo,Miércoles,clases,
2031-03-20,2031,3,20,Marzo,Jueves,clases,
2031-03-21,2031,3,21,Marzo,Viernes,clases,
2031-03-22,2031,3,22,Marzo,Sábado,fin_semana,
2031-03-23,2031,3,23,Marzo,Domingo,fin_semana,
2031-03-24,2031,3,24,Marzo,Lunes,clases,
2031-03-25,2031,3,25,Marzo,Martes,clases,
2031-03-26,2031,3,26,Marzo,Miércoles,clases,
2031-03-27,2031,3,27,Marzo,Jueves,clases,
2031-03-28,2031,3,28,Marzo,Viernes,clases,
2031-03-29,2031,3,29,Marzo,Sábado,fin_semana,
2031-03-30,2031,3,30,Marzo,Domingo,fin_semana,
2031-03-31,2031,3,31,Marzo,Lunes,clases,
2031-04-01,2031,4,1,Abril,Martes,clases,
2031-04-02,2031,4,2,Abril,Miércoles,clases,
2031-04-03,2031,4,3,Abril,Jueves,clases,
2031-04-04,2031,4,4,Abril,Viernes,clases,
2031-04-05,2031,4,5,Abril,Sábado,fin_semana,
2031-04-06,2031,4,6,Abril,Domingo,fin_semana,
2031-04-07,2031,4,7,Abril,Lunes,clases,
2031-04-08,2031,4,8,Abril,Martes,clases,
2031-04-09,2031,4,9,Abril,Miércoles,clases,
2031-04-10,2031,4,10,Abril,Jueves,clases,
2031-04-11,2031,4,11,Abril,Viernes,clases,
2031-04-12,2031,4,12,Abril,Sábado,fin_semana,
2031-04-13,2031,4,13,Abril,Domingo,fin_semana,
2031-04-14,2031,4,14,Abril,Lunes,clases,
2031-04-15,2031,4,15,Abril,Martes,clases,
2031-04-16,2031,4,16,Abril,Miércoles,clases,
2031-04-17,2031,4,17,Abril,Jueves,clases,
2031-04-18,2031,4,18,Abril,Viernes,clases,
2031-04-19,2031,4,19,Abril,Sábado,fin_semana,
2031-04-20,2031,4,20,Abril,Domingo,fin_semana,
2031-04-21,2031,4,21,Abril,Lunes,clases,
2031-04-22,2031,4,22,Abril,Martes,clases,
2031-04-23,2031,4,23,Abril,Miércoles,clases,
2031-04-24,2031,4,24,Abril,Jueves,clases,
2031-04-25,2031,4,25,Abril,Viernes,clases,
2031-04-26,2031,4,26,Abril,Sábado,fin_semana,
2031-04-27,2031,4,27,Abril,Domingo,fin_semana,
2031-04-28,2031,4,28,Abril,Lunes,clases,
2031-04-29,2031,4,29,Abril,Martes,clases,
2031-04-30,2031,4,30,Abril,Miércoles,clases,
2031-05-01,2031,5,1,Mayo,Jueves,feriado,Día del Trabajo
2031-05-02,2031,5,2,Mayo,Viernes,clases,
2031-05-03,2031,5,3,Mayo,Sábado,fin_semana,
2031-05-04,2031,5,4,Mayo,Domingo,fin_semana,
2031-05-05,2031,5,5,Mayo,Lunes,clases,
2031-05-06,2031,5,6,Mayo,Martes,clases,
2031-05-07,2031,5,7,Mayo,Miércoles,clases,
2031-05-08,2031,5,8,Mayo,Jueves,clases,
2031-05-09,2031,5,9,Mayo,Viernes,clases,
2031-05-10,2031,5,10,Mayo,Sábado,fin_semana,
2031-05-11,2031,5,11,Mayo,Domingo,fin_semana,
2031-05-12,2031,5,12,Mayo,Lunes,clases,
2031-05-13,2031,5,13,Mayo,Martes,clases,
2031-05-14,2031,5,14,Mayo,Miércoles,clases,
2031-05-15,2031,5,15,Mayo,Jueves,clases,
2031-05-16,2031,5,16,Mayo,Viernes,clases,
2031-05-17,2031,5,17,Mayo,Sábado,fin_semana,
2031-05-18,2031,5,18,Mayo,Domingo,fin_semana,
2031-05-19,2031,5,19,Mayo,Lunes,clases,
2031-05-20,2031,5,20,Mayo,Martes,clases,
2031-05-21,2031,5,21,Mayo,Miércoles,clases,
2031-05-22,2031,5,22,Mayo,Jueves,clases,
2031-05-23,2031,5,23,Mayo,Viernes,clases,
2031-05-24,2031,5,24,Mayo,Sábado,fin_semana,
2031-05-25,2031,5,25,Mayo,Domingo,fin_semana,
2031-05-26,2031,5,26,Mayo,Lunes,clases,
2031-05-27,2031,5,27,Mayo,Martes,clases,
2031-05-28,2031,5,28,Mayo,Miércoles,clases,
2031-05-29,2031,5,29,Mayo,Jueves,clases,
2031-05-30,2031,5,30,Mayo,Viernes,clases,
2031-05-31,2031,5,31,Mayo,Sábado,fin_semana,
2031-06-01,2031,6,1,Junio,Domingo,fin_semana,
2031-06-02,2031,6,2,Junio,Lunes,clases,
2031-06-03,2031,6,3,Junio,Martes,clases,
2031-06-04,2031,6,4,Junio,Miércoles,clases,
2031-06-05,2031,6,5,Junio,Jueves,clases,
2031-06-06,2031,6,6,Junio,Viernes,clases,
2031-06-07,2031,6,7,Junio,Sábado,fin_semana,
2031-06-08,2031,6,8,Junio,Domingo,fin_semana,
2031-06-09,2031,6,9,Junio,Lunes,clases,
2031-06-10,2031,6,10,Junio,Martes,clases,
2031-06-11,2031,6,11,Junio,Miércoles,clases,
2031-06-12,2031,6,12,Junio,Jueves,clases,
2031-06-13,2031,6,13,Junio,Viernes,clases,
2031-06-14,2031,6,14,Junio,Sábado,fin_semana,
2031-06-15,2031,6,15,Junio,Domingo,fin_semana,
2031-06-16,2031,6,16,Junio,Lunes,clases,
2031-06-17,2031,6,17,Junio,Martes,clases,
2031-06-18,2031,6,18,Junio,Miércoles,clases,
2031-06-19,2031,6,19,Junio,Jueves,clases,
2031-06-20,2031,6,20,Junio,Viernes,clases,
2031-06-21,2031,6,21,Junio,Sábado,fin_semana,
2031-06-22,2031,6,22,Junio,Domingo,fin_semana,
2031-06-23,2031,6,23,Junio,Lunes,clases,
2031-06-24,2031,6,24,Junio,Martes,clases,
2031-06-25,2031,6,25,Junio,Miércoles,clases,
2031-06-26,2031,6,26,Junio,Jueves,clases,
2031-06-27,2031,6,27,Junio,Viernes,clases,
2031-06-28,2031,6,28,Junio,Sábado,fin_semana,
2031-06-29,2031,6,29,Junio,Domingo,fin_semana,
2031-06-30,2031,6,30,Junio,Lunes,clases,
2031-07-01,2031,7,1,Julio,Martes,clases,
2031-07-02,2031,7,2,Julio,Miércoles,clases,
2031-07-03,2031,7,3,Julio,Jueves,clases,
2031-07-04,2031,7,4,Julio,Viernes,clases,
2031-07-05,2031,7,5,Julio,Sábado,fin_semana,
2031-07-06,2031,7,6,Julio,Domingo,fin_semana,
2031-07-07,2031,7,7,Julio,Lunes,clases,
2031-07-08,2031,7,8,Julio,Martes,clases,
2031-07-09,2031,7,9,Julio,Miércoles,clases,
2031-07-10,2031,7,10,Julio,Jueves,clases,
2031-07-11,2031,7,11,Julio,Viernes,clases,
2031-07-12,2031,7,12,Julio,Sábado,fin_semana,
2031-07-13,2031,7,13,Julio,Domingo,fin_semana,
2031-07-14,2031,7,14,Julio,Lunes,clases,
2031-07-15,2031,7,15,Julio,Martes,clases,
2031-07-16,2031,7,16,Julio,Miércoles,clases,
2031-07-17,2031,7,17,Julio,Jueves,clases,
2031-07-18,2031,7,18,Julio,Viernes,clases,
2031-07-19,2031,7,19,Julio,Sábado,fin_semana,
2031-07-20,2031,7,20,Julio,Domingo,fin_semana,
2031-07-21,2031,7,21,Julio,Lunes,clases,
2031-07-22,2031,7,22,Julio,Martes,clases,
2031-07-23,2031,7,23,Julio,Miércoles,clases,
2031-07-24,2031,7,24,Julio,Jueves,clases,
2031-07-25,2031,7,25,Julio,Viernes,clases,
2031-07-26,2031,7,26,Julio,Sábado,fin_semana,
2031-07-27,2031,7,27,Julio,Domingo,fin_semana,
2031-07-28,2031,7,28,Julio,Lunes,clases,
2031-07-29,2031,7,29,Julio,Martes,clases,
2031-07-30,2031,7,30,Julio,Miércoles,clases,
2031-07-31,2031,7,31,Julio,Jueves,clases,
2031-08-01,2031,8,1,Agosto,Viernes,clases,
2031-08-02,2031,8,2,Agosto,Sábado,fin_semana,
2031-08-03,2031,8,3,Agosto,Domingo,fin_semana,
2031-08-04,2031,8,4,Agosto,Lunes,clases,
2031-08-05,2031,8,5,Agosto,Martes,clases,
2031-08-06,2031,8,6,Agosto,Miércoles,clases,
2031-08-07,2031,8,7,Agosto,Jueves,clases,
2031-08-08,2031,8,8,Agosto,Viernes,clases,
2031-08-09,2031,8,9,Agosto,Sábado,fin_semana,
2031-08-10,2031,8,10,Agosto,Domingo,fin_semana,
2031-08-11,2031,8,11,Agosto,Lunes,clases,
2031-08-12,2031,8,12,Agosto,Martes,clases,
2031-08-13,2031,8,13,Agosto,Miércoles,clases,
2031-08-14,2031,8,14,Agosto,Jueves,clases,
2031-08-15,2031,8,15,Agosto,Viernes,clases,
2031-08-16,2031,8,16,Agosto,Sábado,fin_semana,
2031-08-17,2031,8,17,Agosto,Domingo,fin_semana,
2031-08-18,2031,8,18,Agosto,Lunes,clases,
2031-08-19,2031,8,19,Agosto,Martes,clases,
2031-08-20,2031,8,20,Agosto,Miércoles,clases,
2031-08-21,2031,8,21,Agosto,Jueves,clases,
2031-08-22,2031,8,22,Agosto,Viernes,clases,
2031-08-23,2031,8,23,Agosto,Sábado,fin_semana,
2031-08-24,2031,8,24,Agosto,Domingo,fin_semana,
2031-08-25,2031,8,25,Agosto,Lunes,clases,
2031-08-26,2031,8,26,Agosto,Martes,clases,
2031-08-27,2031,8,27,Agosto,Miércoles,clases,
2031-08-28,2031,8,28,Agosto,Jueves,clases,
2031-08-29,2031,8,29,Agosto,Viernes,clases,
2031-08-30,2031,8,30,Agosto,Sábado,fin_semana,
2031-08-31,2031,8,31,Agosto,Domingo,fin_semana,
2031-09-01,2031,9,1,Septiembre,Lunes,clases,
2031-09-02,2031,9,2,Septiembre,Martes,clases,
2031-09-03,2031,9,3,Septiembre,Miércoles,clases,
2031-09-04,2031,9,4,Septiembre,Jueves,clases,
2031-09-05,2031,9,5,Septiembre,Viernes,clases,
2031-09-06,2031,9,6,Septiembre,Sábado,fin_semana,
2031-09-07,2031,9,7,Septiembre,Domingo,fin_semana,
2031-09-08,2031,9,8,Septiembre,Lunes,clases,
2031-09-09,2031,9,9,Septiembre,Martes,clases,
2031-09-10,2031,9,10,Septiembre,Miércoles,clases,
2031-09-11,2031,9,11,Septiembre,Jueves,clases,
2031-09-12,2031,9,12,Septiembre,Viernes,clases,
2031-09-13,2031,9,13,Septiembre,Sábado,fin_semana,
2031-09-14,2031,9,14,Septiembre,Domingo,fin_semana,
2031-09-15,2031,9,15,Septiembre,Lunes,clases,
2031-09-16,2031,9,16,Septiembre,Martes,feriado,Independencia
2031-09-17,2031,9,17,Septiembre,Miércoles,clases,
2031-09-18,2031,9,18,Septiembre,Jueves,clases,
2031-09-19,2031,9,19,Septiembre,Viernes,clases,
2031-09-20,2031,9,20,Septiembre,Sábado,fin_semana,
2031-09-21,2031,9,21,Septiembre,Domingo,fin_semana,
2031-09-22,2031,9,22,Septiembre,Lunes,clases,
2031-09-23,2031,9,23,Septiembre,Martes,clases,
2031-09-24,2031,9,24,Septiembre,Miércoles,clases,
2031-09-25,2031,9,25,Septiembre,Jueves,clases,
2031-09-26,2031,9,26,Septiembre,Viernes,clases,
2031-09-27,2031,9,27,Septiembre,Sábado,fin_semana,
2031-09-28,2031,9,28,Septiembre,Domingo,fin_semana,
2031-09-29,2031,9,29,Septiembre,Lunes,clases,
2031-09-30,2031,9,30,Septiembre,Martes,clases,
2031-10-01,2031,10,1,Octubre,Miércoles,clases,
2031-10-02,2031,10,2,Octubre,Jueves,clases,
2031-10-03,2031,10,3,Octubre,Viernes,clases,
2031-10-04,2031,10,4,Octubre,Sábado,fin_semana,
2031-10-05,2031,10,5,Octubre,Domingo,fin_semana,
2031-10-06,2031,10,6,Octubre,Lunes,clases,
2031-10-07,2031,10,7,Octubre,Martes,clases,
2031-10-08,2031,10,8,Octubre,Miércoles,clases,
2031-10-09,2031,10,9,Octubre,Jueves,clases,
2031-10-10,2031,10,10,Octubre,Viernes,clases,
2031-10-11,2031,10,11,Octubre,Sábado,fin_semana,
2031-10-12,2031,10,12,Octubre,Domingo,fin_semana,
2031-10-13,2031,10,13,Octubre,Lunes,clases,
2031-10-14,2031,10,14,Octubre,Martes,clases,
2031-10-15,2031,10,15,Octubre,Miércoles,clases,
2031-10-16,2031,10,16,Octubre,Jueves,clases,
2031-10-17,2031,10,17,Octubre,Viernes,clases,
2031-10-18,2031,10,18,Octubre,Sábado,fin_semana,
2031-10-19,2031,10,19,Octubre,Domingo,fin_semana,
2031-10-20,2031,10,20,Octubre,Lunes,clases,
2031-10-21,2031,10,21,Octubre,Martes,clases,
2031-10-22,2031,10,22,Octubre,Miércoles,clases,
2031-10-23,2031,10,23,Octubre,Jueves,clases,
2031-10-24,2031,10,24,Octubre,Viernes,clases,
2031-10-25,2031,10,25,Octubre,Sábado,fin_semana,
2031-10-26,2031,10,26,Octubre,Domingo,fin_semana,
2031-10-27,2031,10,27,Octubre,Lunes,clases,
2031-10-28,2031,10,28,Octubre,Martes,clases,
2031-10-29,2031,10,29,Octubre,Miércoles,clases,
2031-10-30,2031,10,30,Octubre,Jueves,clases,
2031-10-31,2031,10,31,Octubre,Viernes,clases,
2031-11-01,2031,11,1,Noviembre,Sábado,fin_semana,
2031-11-02,2031,11,2,Noviembre,Domingo,fin_semana,
2031-11-03,2031,11,3,Noviembre,Lunes,clases,
2031-11-04,2031,11,4,Noviembre,Martes,clases,
2031-11-05,2031,11,5,Noviembre,Miércoles,clases,
2031-11-06,2031,11,6,Noviembre,Jueves,clases,
2031-11-07,2031,11,7,Noviembre,Viernes,clases,
2031-11-08,2031,11,8,Noviembre,Sábado,fin_semana,
2031-11-09,2031,11,9,Noviembre,Domingo,fin_semana,
2031-11-10,2031,11,10,Noviembre,Lunes,clases,
2031-11-11,2031,11,11,Noviembre,Martes,clases,
2031-11-12,2031,11,12,Noviembre,Miércoles,clases,
2031-11-13,2031,11,13,Noviembre,Jueves,clases,
2031-11-14,2031,11,14,Noviembre,Viernes,clases,
2031-11-15,2031,11,15,Noviembre,Sábado,fin_semana,
2031-11-16,2031,11,16,Noviembre,Domingo,fin_semana,
2031-11-17,2031,11,17,Noviembre,Lunes,feriado,Revolución Mexicana
2031-11-18,2031,11,18,Noviembre,Martes,clases,
2031-11-19,2031,11,19,Noviembre,Miércoles,clases,
2031-11-20,2031,11,20,Noviembre,Jueves,clases,
2031-11-21,2031,11,21,Noviembre,Viernes,clases,
2031-11-22,2031,11,22,Noviembre,Sábado,fin_semana,
2031-11-23,2031,11,23,Noviembre,Domingo,fin_semana,
2031-11-24,2031,11,24,Noviembre,Lunes,clases,
2031-11-25,2031,11,25,Noviembre,Martes,clases,
2031-11-26,2031,11,26,Noviembre,Miércoles,clases,
2031-11-27,2031,11,27,Noviembre,Jueves,clases,
2031-11-28,2031,11,28,Noviembre,Viernes,clases,
2031-11-29,2031,11,29,Noviembre,Sábado,fin_semana,
2031-11-30,2031,11,30,Noviembre,Domingo,fin_semana,
2031-12-01,2031,12,1,Diciembre,Lunes,clases,
2031-12-02,2031,12,2,Diciembre,Martes,clases,
2031-12-03,2031,12,3,Diciembre,Miércoles,clases,
2031-12-04,2031,12,4,Diciembre,Jueves,clases,
2031-12-05,2031,12,5,Diciembre,Viernes,clases,
2031-12-06,2031,12,6,Diciembre,Sábado,fin_semana,
2031-12-07,2031,12,7,Diciembre,Domingo,fin_semana,
2031-12-08,2031,12,8,Diciembre,Lunes,clases,
2031-12-09,2031,12,9,Diciembre,Martes,clases,
2031-12-10,2031,12,10,Diciembre,Miércoles,clases,
2031-12-11,2031,12,11,Diciembre,Jueves,clases,
2031-12-12,2031,12,12,Diciembre,Viernes,clases,
2031-12-13,2031,12,13,Diciembre,Sábado,fin_semana,
2031-12-14,2031,12,14,Diciembre,Domingo,fin_semana,
2031-12-15,2031,12,15,Diciembre,Lunes,clases,
2031-12-16,2031,12,16,Diciembre,Martes,clases,
2031-12-17,2031,12,17,Diciembre,Miércoles,clases,
2031-12-18,2031,12,18,Diciembre,Jueves,clases,
2031-12-19,2031,12,19,Diciembre,Viernes,clases,
2031-12-20,2031,12,20,Diciembre,Sábado,fin_semana,
2031-12-21,2031,12,21,Diciembre,Domingo,fin_semana,
2031-12-22,2031,12,22,Diciembre,Lunes,clases,
2031-12-23,2031,12,23,Diciembre,Martes,clases,
2031-12-24,2031,12,24,Diciembre,Miércoles,clases,
2031-12-25,2031,12,25,Diciembre,Jueves,feriado,Navidad
2031-12-26,2031,12,26,Diciembre,Viernes,clases,
2031-12-27,2031,12,27,Diciembre,Sábado,fin_semana,
2031-12-28,2031,12,28,Diciembre,Domingo,fin_semana,
2031-12-29,2031,12,29,Diciembre,Lunes,clases,
2031-12-30,2031,12,30,Diciembre,Martes,clases,
2031-12-31,2031,12,31,Diciembre,Miércoles,clases,
2032-01-01,2032,1,1,Enero,Jueves,feriado,Año Nuevo
2032-01-02,2032,1,2,Enero,Viernes,clases,
2032-01-03,2032,1,3,Enero,Sábado,fin_semana,
2032-01-04,2032,1,4,Enero,Domingo,fin_semana,
2032-01-05,2032,1,5,Enero,Lunes,clases,
2032-01-06,2032,1,6,Enero,Martes,clases,
2032-01-07,2032,1,7,Enero,Miércoles,clases,
2032-01-08,2032,1,8,Enero,Jueves,clases,
2032-01-09,2032,1,9,Enero,Viernes,clases,
2032-01-10,2032,1,10,Enero,Sábado,fin_semana,
2032-01-11,2032,1,11,Enero,Domingo,fin_semana,
2032-01-12,2032,1,12,Enero,Lunes,clases,
2032-01-13,2032,1,13,Enero,Martes,clases,
2032-01-14,2032,1,14,Enero,Miércoles,clases,
2032-01-15,2032,1,15,Enero,Jueves,clases,
2032-01-16,2032,1,16,Enero,Viernes,clases,
2032-01-17,2032,1,17,Enero,Sábado,fin_semana,
2032-01-18,2032,1,18,Enero,Domingo,fin_semana,
2032-01-19,2032,1,19,Enero,Lunes,clases,
2032-01-20,2032,1,20,Enero,Martes,clases,
2032-01-21,2032,1,21,Enero,Miércoles,clases,
2032-01-22,2032,1,22,Enero,Jueves,clases,
2032-01-23,2032,1,23,Enero,Viernes,clases,
2032-01-24,2032,1,24,Enero,Sábado,fin_semana,
2032-01-25,2032,1,25,Enero,Domingo,fin_semana,
2032-01-26,2032,1,26,Enero,Lunes,clases,
2032-01-27,2032,1,27,Enero,Martes,clases,
2032-01-28,2032,1,28,Enero,Miércoles,clases,
2032-01-29,2032,1,29,Enero,Jueves,clases,
2032-01-30,2032,1,30,Enero,Viernes,clases,
2032-01-31,2032,1,31,Enero,Sábado,fin_semana,
2032-02-01,2032,2,1,Febrero,Domingo,fin_semana,
2032-02-02,2032,2,2,Febrero,Lunes,feriado,Constitución
2032-02-03,2032,2,3,Febrero,Martes,clases,
2032-02-04,2032,2,4,Febrero,Miércoles,clases,
2032-02-05,2032,2,5,Febrero,Jueves,clases,
2032-02-06,2032,2,6,Febrero,Viernes,clases,
2032-02-07,2032,2,7,Febrero,Sábado,fin_semana,
2032-02-08,2032,2,8,Febrero,Domingo,fin_semana,
2032-02-09,2032,2,9,Febrero,Lunes,clases,
2032-02-10,2032,2,10,Febrero,Martes,clases,
2032-02-11,2032,2,11,Febrero,Miércoles,clases,
2032-02-12,2032,2,12,Febrero,Jueves,clases,
2032-02-13,2032,2,13,Febrero,Viernes,clases,
2032-02-14,2032,2,14,Febrero,Sábado,fin_semana,
2032-02-15,2032,2,15,Febrero,Domingo,fin_semana,
2032-02-16,2032,2,16,Febrero,Lunes,clases,
2032-02-17,2032,2,17,Febrero,Martes,clases,
2032-02-18,2032,2,18,Febrero,Miércoles,clases,
2032-02-19,2032,2,19,Febrero,Jueves,clases,
2032-02-20,2032,2,20,Febrero,Viernes,clases,
2032-02-21,2032,2,21,Febrero,Sábado,fin_semana,
2032-02-22,2032,2,22,Febrero,Domingo,fin_semana,
2032-02-23,2032,2,23,Febrero,Lunes,clases,
2032-02-24,2032,2,24,Febrero,Martes,clases,
2032-02-25,2032,2,25,Febrero,Miércoles,clases,
2032-02-26,2032,2,26,Febrero,Jueves,clases,
2032-02-27,2032,2,27,Febrero,Viernes,clases,
2032-02-28,2032,2,28,Febrero,Sábado,fin_semana,
2032-02-29,2032,2,29,Febrero,Domingo,fin_semana,
2032-03-01,2032,3,1,Marzo,Lunes,clases,
2032-03-02,2032,3,2,Marzo,Martes,clases,
2032-03-03,2032,3,3,Marzo,Miércoles,clases,
2032-03-04,2032,3,4,Marzo,Jueves,clases,
2032-03-05,2032,3,5,Marzo,Viernes,clases,
2032-03-06,2032,3,6,Marzo,Sábado,fin_semana,
2032-03-07,2032,3,7,Marzo,Domingo,fin_semana,
2032-03-08,2032,3,8,Marzo,Lunes,clases,
2032-03-09,2032,3,9,Marzo,Martes,clases,
2032-03-10,2032,3,10,Marzo,Miércoles,clases,
2032-03-11,2032,3,11,Marzo,Jueves,clases,
2032-03-12,2032,3,12,Marzo,Viernes,clases,
2032-03-13,2032,3,13,Marzo,Sábado,fin_semana,
2032-03-14,2032,3,14,Marzo,Domingo,fin_semana,
2032-03-15,2032,3,15,Marzo,Lunes,feriado,Benito Juárez
2032-03-16,2032,3,16,Marzo,Martes,clases,
2032-03-17,2032,3,17,Marzo,Miércoles,clases,
2032-03-18,2032,3,18,Marzo,Jueves,clases,
2032-03-19,2032,3,19,Marzo,Viernes,clases,
2032-03-20,2032,3,20,Marzo,Sábado,fin_semana,
2032-03-21,2032,3,21,Marzo,Domingo,fin_semana,
2032-03-22,2032,3,22,Marzo,Lunes,clases,
2032-03-23,2032,3,23,Marzo,Martes,clases,
2032-03-24,2032,3,24,Marzo,Miércoles,clases,
2032-03-25,2032,3,25,Marzo,Jueves,clases,
2032-03-26,2032,3,26,Marzo,Viernes,clases,
2032-03-27,2032,3,27,Marzo,Sábado,fin_semana,
2032-03-28,2032,3,28,Marzo,Domingo,fin_semana,
2032-03-29,2032,3,29,Marzo,Lunes,clases,
2032-03-30,2032,3,30,Marzo,Martes,clases,
2032-03-31,2032,3,31,Marzo,Miércoles,clases,
2032-04-01,2032,4,1,Abril,Jueves,clases,
2032-04-02,2032,4,2,Abril,Viernes,clases,
2032-04-03,2032,4,3,Abril,Sábado,fin_semana,
2032-04-04,2032,4,4,Abril,Domingo,fin_semana,
2032-04-05,2032,4,5,Abril,Lunes,clases,
2032-04-06,2032,4,6,Abril,Martes,clases,
2032-04-07,2032,4,7,Abril,Miércoles,clases,
2032-04-08,2032,4,8,Abril,Jueves,clases,
2032-04-09,2032,4,9,Abril,Viernes,clases,
2032-04-10,2032,4,10,Abril,Sábado,fin_semana,
2032-04-11,2032,4,11,Abril,Domingo,fin_semana,
2032-04-12,2032,4,12,Abril,Lunes,clases,
2032-04-13,2032,4,13,Abril,Martes,clases,
2032-04-14,2032,4,14,Abril,Miércoles,clases,
2032-04-15,2032,4,15,Abril,Jueves,clases,
2032-04-16,2032,4,16,Abril,Viernes,clases,
2032-04-17,2032,4,17,Abril,Sábado,fin_semana,
2032-04-18,2032,4,18,Abril,Domingo,fin_semana,
2032-04-19,2032,4,19,Abril,Lunes,clases,
2032-04-20,2032,4,20,Abril,Martes,clases,
2032-04-21,2032,4,21,Abril,Miércoles,clases,
2032-04-22,2032,4,22,Abril,Jueves,clases,
2032-04-23,2032,4,23,Abril,Viernes,clases,
2032-04-24,2032,4,24,Abril,Sábado,fin_semana,
2032-04-25,2032,4,25,Abril,Domingo,fin_semana,
2032-04-26,2032,4,26,Abril,Lunes,clases,
2032-04-27,2032,4,27,Abril,Martes,clases,
2032-04-28,2032,4,28,Abril,Miércoles,clases,
2032-04-29,2032,4,29,Abril,Jueves,clases,
2032-04-30,2032,4,30,Abril,Viernes,clases,
2032-05-01,2032,5,1,Mayo,Sábado,feriado,Día del Trabajo
2032-05-02,2032,5,2,Mayo,Domingo,fin_semana,
2032-05-03,2032,5,3,Mayo,Lunes,clases,
2032-05-04,2032,5,4,Mayo,Martes,clases,
2032-05-05,2032,5,5,Mayo,Miércoles,clases,
2032-05-06,2032,5,6,Mayo,Jueves,clases,
2032-05-07,2032,5,7,Mayo,Viernes,clases,
2032-05-08,2032,5,8,Mayo,Sábado,fin_semana,
2032-05-09,2032,5,9,Mayo,Domingo,fin_semana,
2032-05-10,2032,5,10,Mayo,Lunes,clases,
2032-05-11,2032,5,11,Mayo,Martes,clases,
2032-05-12,2032,5,12,Mayo,Miércoles,clases,
2032-05-13,2032,5,13,Mayo,Jueves,clases,
2032-05-14,2032,5,14,Mayo,Viernes,clases,
2032-05-15,2032,5,15,Mayo,Sábado,fin_semana,
2032-05-16,2032,5,16,Mayo,Domingo,fin_semana,
2032-05-17,2032,5,17,Mayo,Lunes,clases,
2032-05-18,2032,5,18,Mayo,Martes,clases,
2032-05-19,2032,5,19,Mayo,Miércoles,clases,
2032-05-20,2032,5,20,Mayo,Jueves,clases,
2032-05-21,2032,5,21,Mayo,Viernes,clases,
2032-05-22,2032,5,22,Mayo,Sábado,fin_semana,
2032-05-23,2032,5,23,Mayo,Domingo,fin_semana,
2032-05-24,2032,5,24,Mayo,Lunes,clases,
2032-05-25,2032,5,25,Mayo,Martes,clases,
2032-05-26,2032,5,26,Mayo,Miércoles,clases,
2032-05-27,2032,5,27,Mayo,Jueves,clases,
2032-05-28,2032,5,28,Mayo,Viernes,clases,
2032-05-29,2032,5,29,Mayo,Sábado,fin_semana,
2032-05-30,2032,5,30,Mayo,Domingo,fin_semana,
2032-05-31,2032,5,31,Mayo,Lunes,clases,
2032-06-01,2032,6,1,Junio,Martes,clases,
2032-06-02,2032,6,2,Junio,Miércoles,clases,
2032-06-03,2032,6,3,Junio,Jueves,clases,
2032-06-04,2032,6,4,Junio,Viernes,clases,
2032-06-05,2032,6,5,Junio,Sábado,fin_semana,
2032-06-06,2032,6,6,Junio,Domingo,fin_semana,
2032-06-07,2032,6,7,Junio,Lunes,clases,
2032-06-08,2032,6,8,Junio,Martes,clases,
2032-06-09,2032,6,9,Junio,Miércoles,clases,
2032-06-10,2032,6,10,Junio,Jueves,clases,
2032-06-11,2032,6,11,Junio,Viernes,clases,
2032-06-12,2032,6,12,Junio,Sábado,fin_semana,
2032-06-13,2032,6,13,Junio,Domingo,fin_semana,
2032-06-14,2032,6,14,Junio,Lunes,clases,
2032-06-15,2032,6,15,Junio,Martes,clases,
2032-06-16,2032,6,16,Junio,Miércoles,clases,
2032-06-17,2032,6,17,Junio,Jueves,clases,
2032-06-18,2032,6,18,Junio,Viernes,clases,
2032-06-19,2032,6,19,Junio,Sábado,fin_semana,
2032-06-20,2032,6,20,Junio,Domingo,fin_semana,
2032-06-21,2032,6,21,Junio,Lunes,clases,
2032-06-22,2032,6,22,Junio,Martes,clases,
2032-06-23,2032,6,23,Junio,Miércoles,clases,
2032-06-24,2032,6,24,Junio,Jueves,clases,
2032-06-25,2032,6,25,Junio,Viernes,clases,
2032-06-26,2032,6,26,Junio,Sábado,fin_semana,
2032-06-27,2032,6,27,Junio,Domingo,fin_semana,
2032-06-28,2032,6,28,Junio,Lunes,clases,
2032-06-29,2032,6,29,Junio,Martes,clases,
2032-06-30,2032,6,30,Junio,Miércoles,clases,
2032-07-01,2032,7,1,Julio,Jueves,clases,
2032-07-02,2032,7,2,Julio,Viernes,clases,
2032-07-03,2032,7,3,Julio,Sábado,fin_semana,
2032-07-04,2032,7,4,Julio,Domingo,fin_semana,
2032-07-05,2032,7,5,Julio,Lunes,clases,
2032-07-06,2032,7,6,Julio,Martes,clases,
2032-07-07,2032,7,7,Julio,Miércoles,clases,
2032-07-08,2032,7,8,Julio,Jueves,clases,
2032-07-09,2032,7,9,Julio,Viernes,clases,
2032-07-10,2032,7,10,Julio,Sábado,fin_semana,
2032-07-11,2032,7,11,Julio,Domingo,fin_semana,
2032-07-12,2032,7,12,Julio,Lunes,clases,
2032-07-13,2032,7,13,Julio,Martes,clases,
2032-07-14,2032,7,14,Julio,Miércoles,clases,
2032-07-15,2032,7,15,Julio,Jueves,clases,
2032-07-16,2032,7,16,Julio,Viernes,clases,
2032-07-17,2032,7,17,Julio,Sábado,fin_semana,
2032-07-18,2032,7,18,Julio,Domingo,fin_semana,
2032-07-19,2032,7,19,Julio,Lunes,clases,
2032-07-20,2032,7,20,Julio,Martes,clases,
2032-07-21,2032,7,21,Julio,Miércoles,clases,
2032-07-22,2032,7,22,Julio,Jueves,clases,
2032-07-23,2032,7,23,Julio,Viernes,clases,
2032-07-24,2032,7,24,Julio,Sábado,fin_semana,
2032-07-25,2032,7,25,Julio,Domingo,fin_semana,
2032-07-26,2032,7,26,Julio,Lunes,clases,
2032-07-27,2032,7,27,Julio,Martes,clases,
2032-07-28,2032,7,28,Julio,Miércoles,clases,
2032-07-29,2032,7,29,Julio,Jueves,clases,
2032-07-30,2032,7,30,Julio,Viernes,clases,
2032-07-31,2032,7,31,Julio,Sábado,fin_semana,
2032-08-01,2032,8,1,Agosto,Domingo,fin_semana,
2032-08-02,2032,8,2,Agosto,Lunes,clases,
2032-08-03,2032,8,3,Agosto,Martes,clases,
2032-08-04,2032,8,4,Agosto,Miércoles,clases,
2032-08-05,2032,8,5,Agosto,Jueves,clases,
2032-08-06,2032,8,6,Agosto,Viernes,clases,
2032-08-07,2032,8,7,Agosto,Sábado,fin_semana,
2032-08-08,2032,8,8,Agosto,Domingo,fin_semana,
2032-08-09,2032,8,9,Agosto,Lunes,clases,
2032-08-10,2032,8,10,Agosto,Martes,clases,
2032-08-11,2032,8,11,Agosto,Miércoles,clases,
2032-08-12,2032,8,12,Agosto,Jueves,clases,
2032-08-13,2032,8,13,Agosto,Viernes,clases,
2032-08-14,2032,8,14,Agosto,Sábado,fin_semana,
2032-08-15,2032,8,15,Agosto,Domingo,fin_semana,
2032-08-16,2032,8,16,Agosto,Lunes,clases,
2032-08-17,2032,8,17,Agosto,Martes,clases,
2032-08-18,2032,8,18,Agosto,Miércoles,clases,
2032-08-19,2032,8,19,Agosto,Jueves,clases,
2032-08-20,2032,8,20,Agosto,Viernes,clases,
2032-08-21,2032,8,21,Agosto,Sábado,fin_semana,
2032-08-22,2032,8,22,Agosto,Domingo,fin_semana,
2032-08-23,2032,8,23,Agosto,Lunes,clases,
2032-08-24,2032,8,24,Agosto,Martes,clases,
2032-08-25,2032,8,25,Agosto,Miércoles,clases,
2032-08-26,2032,8,26,Agosto,Jueves,clases,
2032-08-27,2032,8,27,Agosto,Viernes,clases,
2032-08-28,2032,8,28,Agosto,Sábado,fin_semana,
2032-08-29,2032,8,29,Agosto,Domingo,fin_semana,
2032-08-30,2032,8,30,Agosto,Lunes,clases,
2032-08-31,2032,8,31,Agosto,Martes,clases,
2032-09-01,2032,9,1,Septiembre,Miércoles,clases,
2032-09-02,2032,9,2,Septiembre,Jueves,clases,
2032-09-03,2032,9,3,Septiembre,Viernes,clases,
2032-09-04,2032,9,4,Septiembre,Sábado,fin_semana,
2032-09-05,2032,9,5,Septiembre,Domingo,fin_semana,
2032-09-06,2032,9,6,Septiembre,Lunes,clases,
2032-09-07,2032,9,7,Septiembre,Martes,clases,
2032-09-08,2032,9,8,Septiembre,Miércoles,clases,
2032-09-09,2032,9,9,Septiembre,Jueves,clases,
2032-09-10,2032,9,10,Septiembre,Viernes,clases,
2032-09-11,2032,9,11,Septiembre,Sábado,fin_semana,
2032-09-12,2032,9,12,Septiembre,Domingo,fin_semana,
2032-09-13,2032,9,13,Septiembre,Lunes,clases,
2032-09-14,2032,9,14,Septiembre,Martes,clases,
2032-09-15,2032,9,15,Septiembre,Miércoles,clases,
2032-09-16,2032,9,16,Septiembre,Jueves,feriado,Independencia
2032-09-17,2032,9,17,Septiembre,Viernes,clases,
2032-09-18,2032,9,18,Septiembre,Sábado,fin_semana,
2032-09-19,2032,9,19,Septiembre,Domingo,fin_semana,
2032-09-20,2032,9,20,Septiembre,Lunes,clases,
2032-09-21,2032,9,21,Septiembre,Martes,clases,
2032-09-22,2032,9,22,Septiembre,Miércoles,clases,
2032-09-23,2032,9,23,Septiembre,Jueves,clases,
2032-09-24,2032,9,24,Septiembre,Viernes,clases,
2032-09-25,2032,9,25,Septiembre,Sábado,fin_semana,
2032-09-26,2032,9,26,Septiembre,Domingo,fin_semana,
2032-09-27,2032,9,27,Septiembre,Lunes,clases,
2032-09-28,2032,9,28,Septiembre,Martes,clases,
2032-09-29,2032,9,29,Septiembre,Miércoles,clases,
2032-09-30,2032,9,30,Septiembre,Jueves,clases,
2032-10-01,2032,10,1,Octubre,Viernes,clases,
2032-10-02,2032,10,2,Octubre,Sábado,fin_semana,
2032-10-03,2032,10,3,Octubre,Domingo,fin_semana,
2032-10-04,2032,10,4,Octubre,Lunes,clases,
2032-10-05,2032,10,5,Octubre,Martes,clases,
2032-10-06,2032,10,6,Octubre,Miércoles,clases,
2032-10-07,2032,10,7,Octubre,Jueves,clases,
2032-10-08,2032,10,8,Octubre,Viernes,clases,
2032-10-09,2032,10,9,Octubre,Sábado,fin_semana,
2032-10-10,2032,10,10,Octubre,Domingo,fin_semana,
2032-10-11,2032,10,11,Octubre,Lunes,clases,
2032-10-12,2032,10,12,Octubre,Martes,clases,
2032-10-13,2032,10,13,Octubre,Miércoles,clases,
2032-10-14,2032,10,14,Octubre,Jueves,clases,
2032-10-15,2032,10,15,Octubre,Viernes,clases,
2032-10-16,2032,10,16,Octubre,Sábado,fin_semana,
2032-10-17,2032,10,17,Octubre,Domingo,fin_semana,
2032-10-18,2032,10,18,Octubre,Lunes,clases,
2032-10-19,2032,10,19,Octubre,Martes,clases,
2032-10-20,2032,10,20,Octubre,Miércoles,clases,
2032-10-21,2032,10,21,Octubre,Jueves,clases,
2032-10-22,2032,10,22,Octubre,Viernes,clases,
2032-10-23,2032,10,23,Octubre,Sábado,fin_semana,
2032-10-24,2032,10,24,Octubre,Domingo,fin_semana,
2032-10-25,2032,10,25,Octubre,Lunes,clases,
2032-10-26,2032,10,26,Octubre,Martes,clases,
2032-10-27,2032,10,27,Octubre,Miércoles,clases,
2032-10-28,2032,10,28,Octubre,Jueves,clases,
2032-10-29,2032,10,29,Octubre,Viernes,clases,
2032-10-30,2032,10,30,Octubre,Sábado,fin_semana,
2032-10-31,2032,10,31,Octubre,Domingo,fin_semana,
2032-11-01,2032,11,1,Noviembre,Lunes,clases,
2032-11-02,2032,11,2,Noviembre,Martes,clases,
2032-11-03,2032,11,3,Noviembre,Miércoles,clases,
2032-11-04,2032,11,4,Noviembre,Jueves,clases,
2032-11-05,2032,11,5,Noviembre,Viernes,clases,
2032-11-06,2032,11,6,Noviembre,Sábado,fin_semana,
2032-11-07,2032,11,7,Noviembre,Domingo,fin_semana,
2032-11-08,2032,11,8,Noviembre,Lunes,clases,
2032-11-09,2032,11,9,Noviembre,Martes,clases,
2032-11-10,2032,11,10,Noviembre,Miércoles,clases,
2032-11-11,2032,11,11,Noviembre,Jueves,clases,
2032-11-12,2032,11,12,Noviembre,Viernes,clases,
2032-11-13,2032,11,13,Noviembre,Sábado,fin_semana,
2032-11-14,2032,11,14,Noviembre,Domingo,fin_semana,
2032-11-15,2032,11,15,Noviembre,Lunes,feriado,Revolución Mexicana
2032-11-16,2032,11,16,Noviembre,Martes,clases,
2032-11-17,2032,11,17,Noviembre,Miércoles,clases,
2032-11-18,2032,11,18,Noviembre,Jueves,clases,
2032-11-19,2032,11,19,Noviembre,Viernes,clases,
2032-11-20,2032,11,20,Noviembre,Sábado,fin_semana,
2032-11-21,2032,11,21,Noviembre,Domingo,fin_semana,
2032-11-22,2032,11,22,Noviembre,Lunes,clases,
2032-11-23,2032,11,23,Noviembre,Martes,clases,
2032-11-24,2032,11,24,Noviembre,Miércoles,clases,
2032-11-25,2032,11,25,Noviembre,Jueves,clases,
2032-11-26,2032,11,26,Noviembre,Viernes,clases,
2032-11-27,2032,11,27,Noviembre,Sábado,fin_semana,
2032-11-28,2032,11,28,Noviembre,Domingo,fin_semana,
2032-11-29,2032,11,29,Noviembre,Lunes,clases,
2032-11-30,2032,11,30,Noviembre,Martes,clases,
2032-12-01,2032,12,1,Diciembre,Miércoles,clases,
2032-12-02,2032,12,2,Diciembre,Jueves,clases,
2032-12-03,2032,12,3,Diciembre,Viernes,clases,
2032-12-04,2032,12,4,Diciembre,Sábado,fin_semana,
2032-12-05,2032,12,5,Diciembre,Domingo,fin_semana,
2032-12-06,2032,12,6,Diciembre,Lunes,clases,
2032-12-07,2032,12,7,Diciembre,Martes,clases,
2032-12-08,2032,12,8,Diciembre,Miércoles,clases,
2032-12-09,2032,12,9,Diciembre,Jueves,clases,
2032-12-10,2032,12,10,Diciembre,Viernes,clases,
2032-12-11,2032,12,11,Diciembre,Sábado,fin_semana,
2032-12-12,2032,12,12,Diciembre,Domingo,fin_semana,
2032-12-13,2032,12,13,Diciembre,Lunes,clases,
2032-12-14,2032,12,14,Diciembre,Martes,clases,
2032-12-15,2032,12,15,Diciembre,Miércoles,clases,
2032-12-16,2032,12,16,Diciembre,Jueves,clases,
2032-12-17,2032,12,17,Diciembre,Viernes,clases,
2032-12-18,2032,12,18,Diciembre,Sábado,fin_semana,
2032-12-19,2032,12,19,Diciembre,Domingo,fin_semana,
2032-12-20,2032,12,20,Diciembre,Lunes,clases,
2032-12-21,2032,12,21,Diciembre,Martes,clases,
2032-12-22,2032,12,22,Diciembre,Miércoles,clases,
2032-12-23,2032,12,23,Diciembre,Jueves,clases,
2032-12-24,2032,12,24,Diciembre,Viernes,clases,
2032-12-25,2032,12,25,Diciembre,Sábado,feriado,Navidad
2032-12-26,2032,12,26,Diciembre,Domingo,fin_semana,
2032-12-27,2032,12,27,Diciembre,Lunes,clases,
2032-12-28,2032,12,28,Diciembre,Martes,clases,
2032-12-29,2032,12,29,Diciembre,Miércoles,clases,
2032-12-30,2032,12,30,Diciembre,Jueves,clases,
2032-12-31,2032,12,31,Diciembre,Viernes,clases,
2033-01-01,2033,1,1,Enero,Sábado,feriado,Año Nuevo
2033-01-02,2033,1,2,Enero,Domingo,fin_semana,
2033-01-03,2033,1,3,Enero,Lunes,clases,
2033-01-04,2033,1,4,Enero,Martes,clases,
2033-01-05,2033,1,5,Enero,Miércoles,clases,
2033-01-06,2033,1,6,Enero,Jueves,clases,
2033-01-07,2033,1,7,Enero,Viernes,clases,
2033-01-08,2033,1,8,Enero,Sábado,fin_semana,
2033-01-09,2033,1,9,Enero,Domingo,fin_semana,
2033-01-10,2033,1,10,Enero,Lunes,clases,
2033-01-11,2033,1,11,Enero,Martes,clases,
2033-01-12,2033,1,12,Enero,Miércoles,clases,
2033-01-13,2033,1,13,Enero,Jueves,clases,
2033-01-14,2033,1,14,Enero,Viernes,clases,
2033-01-15,2033,1,15,Enero,Sábado,fin_semana,
2033-01-16,2033,1,16,Enero,Domingo,fin_semana,
2033-01-17,2033,1,17,Enero,Lunes,clases,
2033-01-18,2033,1,18,Enero,Martes,clases,
2033-01-19,2033,1,19,Enero,Miércoles,clases,
2033-01-20,2033,1,20,Enero,Jueves,clases,
2033-01-21,2033,1,21,Enero,Viernes,clases,
2033-01-22,2033,1,22,Enero,Sábado,fin_semana,
2033-01-23,2033,1,23,Enero,Domingo,fin_semana,
2033-01-24,2033,1,24,Enero,Lunes,clases,
2033-01-25,2033,1,25,Enero,Martes,clases,
2033-01-26,2033,1,26,Enero,Miércoles,clases,
2033-01-27,2033,1,27,Enero,Jueves,clases,
2033-01-28,2033,1,28,Enero,Viernes,clases,
2033-01-29,2033,1,29,Enero,Sábado,fin_semana,
2033-01-30,2033,1,30,Enero,Domingo,fin_semana,
2033-01-31,2033,1,31,Enero,Lunes,clases,
2033-02-01,2033,2,1,Febrero,Martes,clases,
2033-02-02,2033,2,2,Febrero,Miércoles,clases,
2033-02-03,2033,2,3,Febrero,Jueves,clases,
2033-02-04,2033,2,4,Febrero,Viernes,clases,
2033-02-05,2033,2,5,Febrero,Sábado,fin_semana,
2033-02-06,2033,2,6,Febrero,Domingo,fin_semana,
2033-02-07,2033,2,7,Febrero,Lunes,feriado,Constitución
2033-02-08,2033,2,8,Febrero,Martes,clases,
2033-02-09,2033,2,9,Febrero,Miércoles,clases,
2033-02-10,2033,2,10,Febrero,Jueves,clases,
2033-02-11,2033,2,11,Febrero,Viernes,clases,
2033-02-12,2033,2,12,Febrero,Sábado,fin_semana,
2033-02-13,2033,2,13,Febrero,Domingo,fin_semana,
2033-02-14,2033,2,14,Febrero,Lunes,clases,
2033-02-15,2033,2,15,Febrero,Martes,clases,
2033-02-16,2033,2,16,Febrero,Miércoles,clases,
2033-02-17,2033,2,17,Febrero,Jueves,clases,
2033-02-18,2033,2,18,Febrero,Viernes,clases,
2033-02-19,2033,2,19,Febrero,Sábado,fin_semana,
2033-02-20,2033,2,20,Febrero,Domingo,fin_semana,
2033-02-21,2033,2,21,Febrero,Lunes,clases,
2033-02-22,2033,2,22,Febrero,Martes,clases,
2033-02-23,2033,2,23,Febrero,Miércoles,clases,
2033-02-24,2033,2,24,Febrero,Jueves,clases,
2033-02-25,2033,2,25,Febrero,Viernes,clases,
2033-02-26,2033,2,26,Febrero,Sábado,fin_semana,
2033-02-27,2033,2,27,Febrero,Domingo,fin_semana,
2033-02-28,2033,2,28,Febrero,Lunes,clases,
2033-03-01,2033,3,1,Marzo,Martes,clases,
2033-03-02,2033,3,2,Marzo,Miércoles,clases,
2033-03-03,2033,3,3,Marzo,Jueves,clases,
2033-03-04,2033,3,4,Marzo,Viernes,clases,
2033-03-05,2033,3,5,Marzo,Sábado,fin_semana,
2033-03-06,2033,3,6,Marzo,Domingo,fin_semana,
2033-03-07,2033,3,7,Marzo,Lunes,clases,
2033-03-08,2033,3,8,Marzo,Martes,clases,
2033-03-09,2033,3,9,Marzo,Miércoles,clases,
2033-03-10,2033,3,10,Marzo,Jueves,clases,
2033-03-11,2033,3,11,Marzo,Viernes,clases,
2033-03-12,2033,3,12,Marzo,Sábado,fin_semana,
2033-03-13,2033,3,13,Marzo,Domingo,fin_semana,
2033-03-14,2033,3,14,Marzo,Lunes,clases,
2033-03-15,2033,3,15,Marzo,Martes,clases,
2033-03-16,2033,3,16,Marzo,Miércoles,clases,
2033-03-17,2033,3,17,Marzo,Jueves,clases,
2033-03-18,2033,3,18,Marzo,Viernes,clases,
2033-03-19,2033,3,19,Marzo,Sábado,fin_semana,
2033-03-20,2033,3,20,Marzo,Domingo,fin_semana,
2033-03-21,2033,3,21,Marzo,Lunes,feriado,Benito Juárez
2033-03-22,2033,3,22,Marzo,Martes,clases,
2033-03-23,2033,3,23,Marzo,Miércoles,clases,
2033-03-24,2033,3,24,Marzo,Jueves,clases,
2033-03-25,2033,3,25,Marzo,Viernes,clases,
2033-03-26,2033,3,26,Marzo,Sábado,fin_semana,
2033-03-27,2033,3,27,Marzo,Domingo,fin_semana,
2033-03-28,2033,3,28,Marzo,Lunes,clases,
2033-03-29,2033,3,29,Marzo,Martes,clases,
2033-03-30,2033,3,30,Marzo,Miércoles,clases,
2033-03-31,2033,3,31,Marzo,Jueves,clases,
2033-04-01,2033,4,1,Abril,Viernes,clases,
2033-04-02,2033,4,2,Abril,Sábado,fin_semana,
2033-04-03,2033,4,3,Abril,Domingo,fin_semana,
2033-04-04,2033,4,4,Abril,Lunes,clases,
2033-04-05,2033,4,5,Abril,Martes,clases,
2033-04-06,2033,4,6,Abril,Miércoles,clases,
2033-04-07,2033,4,7,Abril,Jueves,clases,
2033-04-08,2033,4,8,Abril,Viernes,clases,
2033-04-09,2033,4,9,Abril,Sábado,fin_semana,
2033-04-10,2033,4,10,Abril,Domingo,fin_semana,
2033-04-11,2033,4,11,Abril,Lunes,clases,
2033-04-12,2033,4,12,Abril,Martes,clases,
2033-04-13,2033,4,13,Abril,Miércoles,clases,
2033-04-14,2033,4,14,Abril,Jueves,clases,
2033-04-15,2033,4,15,Abril,Viernes,clases,
2033-04-16,2033,4,16,Abril,Sábado,fin_semana,
2033-04-17,2033,4,17,Abril,Domingo,fin_semana,
2033-04-18,2033,4,18,Abril,Lunes,clases,
2033-04-19,2033,4,19,Abril,Martes,clases,
2033-04-20,2033,4,20,Abril,Miércoles,clases,
2033-04-21,2033,4,21,Abril,Jueves,clases,
2033-04-22,2033,4,22,Abril,Viernes,clases,
2033-04-23,2033,4,23,Abril,Sábado,fin_semana,
2033-04-24,2033,4,24,Abril,Domingo,fin_semana,
2033-04-25,2033,4,25,Abril,Lunes,clases,
2033-04-26,2033,4,26,Abril,Martes,clases,
2033-04-27,2033,4,27,Abril,Miércoles,clases,
2033-04-28,2033,4,28,Abril,Jueves,clases,
2033-04-29,2033,4,29,Abril,Viernes,clases,
2033-04-30,2033,4,30,Abril,Sábado,fin_semana,
2033-05-01,2033,5,1,Mayo,Domingo,feriado,Día del Trabajo
2033-05-02,2033,5,2,Mayo,Lunes,clases,
2033-05-03,2033,5,3,Mayo,Martes,clases,
2033-05-04,2033,5,4,Mayo,Miércoles,clases,
2033-05-05,2033,5,5,Mayo,Jueves,clases,
2033-05-06,2033,5,6,Mayo,Viernes,clases,
2033-05-07,2033,5,7,Mayo,Sábado,fin_semana,
2033-05-08,2033,5,8,Mayo,Domingo,fin_semana,
2033-05-09,2033,5,9,Mayo,Lunes,clases,
2033-05-10,2033,5,10,Mayo,Martes,clases,
2033-05-11,2033,5,11,Mayo,Miércoles,clases,
2033-05-12,2033,5,12,Mayo,Jueves,clases,
2033-05-13,2033,5,13,Mayo,Viernes,clases,
2033-05-14,2033,5,14,Mayo,Sábado,fin_semana,
2033-05-15,2033,5,15,Mayo,Domingo,fin_semana,
2033-05-16,2033,5,16,Mayo,Lunes,clases,
2033-05-17,2033,5,17,Mayo,Martes,clases,
2033-05-18,2033,5,18,Mayo,Miércoles,clases,
2033-05-19,2033,5,19,Mayo,Jueves,clases,
2033-05-20,2033,5,20,Mayo,Viernes,clases,
2033-05-21,2033,5,21,Mayo,Sábado,fin_semana,
2033-05-22,2033,5,22,Mayo,Domingo,fin_semana,
2033-05-23,2033,5,23,Mayo,Lunes,clases,
2033-05-24,2033,5,24,Mayo,Martes,clases,
2033-05-25,2033,5,25,Mayo,Miércoles,clases,
2033-05-26,2033,5,26,Mayo,Jueves,clases,
2033-05-27,2033,5,27,Mayo,Viernes,clases,
2033-05-28,2033,5,28,Mayo,Sábado,fin_semana,
2033-05-29,2033,5,29,Mayo,Domingo,fin_semana,
2033-05-30,2033,5,30,Mayo,Lunes,clases,
2033-05-31,2033,5,31,Mayo,Martes,clases,
2033-06-01,2033,6,1,Junio,Miércoles,clases,
2033-06-02,2033,6,2,Junio,Jueves,clases,
2033-06-03,2033,6,3,Junio,Viernes,clases,
2033-06-04,2033,6,4,Junio,Sábado,fin_semana,
2033-06-05,2033,6,5,Junio,Domingo,fin_semana,
2033-06-06,2033,6,6,Junio,Lunes,clases,
2033-06-07,2033,6,7,Junio,Martes,clases,
2033-06-08,2033,6,8,Junio,Miércoles,clases,
2033-06-09,2033,6,9,Junio,Jueves,clases,
2033-06-10,2033,6,10,Junio,Viernes,clases,
2033-06-11,2033,6,11,Junio,Sábado,fin_semana,
2033-06-12,2033,6,12,Junio,Domingo,fin_semana,
2033-06-13,2033,6,13,Junio,Lunes,clases,
2033-06-14,2033,6,14,Junio,Martes,clases,
2033-06-15,2033,6,15,Junio,Miércoles,clases,
2033-06-16,2033,6,16,Junio,Jueves,clases,
2033-06-17,2033,6,17,Junio,Viernes,clases,
2033-06-18,2033,6,18,Junio,Sábado,fin_semana,
2033-06-19,2033,6,19,Junio,Domingo,fin_semana,
2033-06-20,2033,6,20,Junio,Lunes,clases,
2033-06-21,2033,6,21,Junio,Martes,clases,
2033-06-22,2033,6,22,Junio,Miércoles,clases,
2033-06-23,2033,6,23,Junio,Jueves,clases,
2033-06-24,2033,6,24,Junio,Viernes,clases,
2033-06-25,2033,6,25,Junio,Sábado,fin_semana,
2033-06-26,2033,6,26,Junio,Domingo,fin_semana,
2033-06-27,2033,6,27,Junio,Lunes,clases,
2033-06-28,2033,6,28,Junio,Martes,clases,
2033-06-29,2033,6,29,Junio,Miércoles,clases,
2033-06-30,2033,6,30,Junio,Jueves,clases,
2033-07-01,2033,7,1,Julio,Viernes,clases,
2033-07-02,2033,7,2,Julio,Sábado,fin_semana,
2033-07-03,2033,7,3,Julio,Domingo,fin_semana,
2033-07-04,2033,7,4,Julio,Lunes,clases,
2033-07-05,2033,7,5,Julio,Martes,clases,
2033-07-06,2033,7,6,Julio,Miércoles,clases,
2033-07-07,2033,7,7,Julio,Jueves,clases,
2033-07-08,2033,7,8,Julio,Viernes,clases,
2033-07-09,2033,7,9,Julio,Sábado,fin_semana,
2033-07-10,2033,7,10,Julio,Domingo,fin_semana,
2033-07-11,2033,7,11,Julio,Lunes,clases,
2033-07-12,2033,7,12,Julio,Martes,clases,
2033-07-13,2033,7,13,Julio,Miércoles,clases,
2033-07-14,2033,7,14,Julio,Jueves,clases,
2033-07-15,2033,7,15,Julio,Viernes,clases,
2033-07-16,2033,7,16,Julio,Sábado,fin_semana,
2033-07-17,2033,7,17,Julio,Domingo,fin_semana,
2033-07-18,2033,7,18,Julio,Lunes,clases,
2033-07-19,2033,7,19,Julio,Martes,clases,
2033-07-20,2033,7,20,Julio,Miércoles,clases,
2033-07-21,2033,7,21,Julio,Jueves,clases,
2033-07-22,2033,7,22,Julio,Viernes,clases,
2033-07-23,2033,7,23,Julio,Sábado,fin_semana,
2033-07-24,2033,7,24,Julio,Domingo,fin_semana,
2033-07-25,2033,7,25,Julio,Lunes,clases,
2033-07-26,2033,7,26,Julio,Martes,clases,
2033-07-27,2033,7,27,Julio,Miércoles,clases,
2033-07-28,2033,7,28,Julio,Jueves,clases,
2033-07-29,2033,7,29,Julio,Viernes,clases,
2033-07-30,2033,7,30,Julio,Sábado,fin_semana,
2033-07-31,2033,7,31,Julio,Domingo,fin_semana,
2033-08-01,2033,8,1,Agosto,Lunes,clases,
2033-08-02,2033,8,2,Agosto,Martes,clases,
2033-08-03,2033,8,3,Agosto,Miércoles,clases,
2033-08-04,2033,8,4,Agosto,Jueves,clases,
2033-08-05,2033,8,5,Agosto,Viernes,clases,
2033-08-06,2033,8,6,Agosto,Sábado,fin_semana,
2033-08-07,2033,8,7,Agosto,Domingo,fin_semana,
2033-08-08,2033,8,8,Agosto,Lunes,clases,
2033-08-09,2033,8,9,Agosto,Martes,clases,
2033-08-10,2033,8,10,Agosto,Miércoles,clases,
2033-08-11,2033,8,11,Agosto,Jueves,clases,
2033-08-12,2033,8,12,Agosto,Viernes,clases,
2033-08-13,2033,8,13,Agosto,Sábado,fin_semana,
2033-08-14,2033,8,14,Agosto,Domingo,fin_semana,
2033-08-15,2033,8,15,Agosto,Lunes,clases,
2033-08-16,2033,8,16,Agosto,Martes,clases,
2033-08-17,2033,8,17,Agosto,Miércoles,clases,
2033-08-18,2033,8,18,Agosto,Jueves,clases,
2033-08-19,2033,8,19,Agosto,Viernes,clases,
2033-08-20,2033,8,20,Agosto,Sábado,fin_semana,
2033-08-21,2033,8,21,Agosto,Domingo,fin_semana,
2033-08-22,2033,8,22,Agosto,Lunes,clases,
2033-08-23,2033,8,23,Agosto,Martes,clases,
2033-08-24,2033,8,24,Agosto,Miércoles,clases,
2033-08-25,2033,8,25,Agosto,Jueves,clases,
2033-08-26,2033,8,26,Agosto,Viernes,clases,
2033-08-27,2033,8,27,Agosto,Sábado,fin_semana,
2033-08-28,2033,8,28,Agosto,Domingo,fin_semana,
2033-08-29,2033,8,29,Agosto,Lunes,clases,
2033-08-30,2033,8,30,Agosto,Martes,clases,
2033-08-31,2033,8,31,Agosto,Miércoles,clases,
2033-09-01,2033,9,1,Septiembre,Jueves,clases,
2033-09-02,2033,9,2,Septiembre,Viernes,clases,
2033-09-03,2033,9,3,Septiembre,Sábado,fin_semana,
2033-09-04,2033,9,4,Septiembre,Domingo,fin_semana,
2033-09-05,2033,9,5,Septiembre,Lunes,clases,
2033-09-06,2033,9,6,Septiembre,Martes,clases,
2033-09-07,2033,9,7,Septiembre,Miércoles,clases,
2033-09-08,2033,9,8,Septiembre,Jueves,clases,
2033-09-09,2033,9,9,Septiembre,Viernes,clases,
2033-09-10,2033,9,10,Septiembre,Sábado,fin_semana,
2033-09-11,2033,9,11,Septiembre,Domingo,fin_semana,
2033-09-12,2033,9,12,Septiembre,Lunes,clases,
2033-09-13,2033,9,13,Septiembre,Martes,clases,
2033-09-14,2033,9,14,Septiembre,Miércoles,clases,
2033-09-15,2033,9,15,Septiembre,Jueves,clases,
2033-09-16,2033,9,16,Septiembre,Viernes,feriado,Independencia
2033-09-17,2033,9,17,Septiembre,Sábado,fin_semana,
2033-09-18,2033,9,18,Septiembre,Domingo,fin_semana,
2033-09-19,2033,9,19,Septiembre,Lunes,clases,
2033-09-20,2033,9,20,Septiembre,Martes,clases,
2033-09-21,2033,9,21,Septiembre,Miércoles,clases,
2033-09-22,2033,9,22,Septiembre,Jueves,clases,
2033-09-23,2033,9,23,Septiembre,Viernes,clases,
2033-09-24,2033,9,24,Septiembre,Sábado,fin_semana,
2033-09-25,2033,9,25,Septiembre,Domingo,fin_semana,
2033-09-26,2033,9,26,Septiembre,Lunes,clases,
2033-09-27,2033,9,27,Septiembre,Martes,clases,
2033-09-28,2033,9,28,Septiembre,Miércoles,clases,
2033-09-29,2033,9,29,Septiembre,Jueves,clases,
2033-09-30,2033,9,30,Septiembre,Viernes,clases,
2033-10-01,2033,10,1,Octubre,Sábado,fin_semana,
2033-10-02,2033,10,2,Octubre,Domingo,fin_semana,
2033-10-03,2033,10,3,Octubre,Lunes,clases,
2033-10-04,2033,10,4,Octubre,Martes,clases,
2033-10-05,2033,10,5,Octubre,Miércoles,clases,
2033-10-06,2033,10,6,Octubre,Jueves,clases,
2033-10-07,2033,10,7,Octubre,Viernes,clases,
2033-10-08,2033,10,8,Octubre,Sábado,fin_semana,
2033-10-09,2033,10,9,Octubre,Domingo,fin_semana,
2033-10-10,2033,10,10,Octubre,Lunes,clases,
2033-10-11,2033,10,11,Octubre,Martes,clases,
2033-10-12,2033,10,12,Octubre,Miércoles,clases,
2033-10-13,2033,10,13,Octubre,Jueves,clases,
2033-10-14,2033,10,14,Octubre,Viernes,clases,
2033-10-15,2033,10,15,Octubre,Sábado,fin_semana,
2033-10-16,2033,10,16,Octubre,Domingo,fin_semana,
2033-10-17,2033,10,17,Octubre,Lunes,clases,
2033-10-18,2033,10,18,Octubre,Martes,clases,
2033-10-19,2033,10,19,Octubre,Miércoles,clases,
2033-10-20,2033,10,20,Octubre,Jueves,clases,
2033-10-21,2033,10,21,Octubre,Viernes,clases,
2033-10-22,2033,10,22,Octubre,Sábado,fin_semana,
2033-10-23,2033,10,23,Octubre,Domingo,fin_semana,
2033-10-24,2033,10,24,Octubre,Lunes,clases,
2033-10-25,2033,10,25,Octubre,Martes,clases,
2033-10-26,2033,10,26,Octubre,Miércoles,clases,
2033-10-27,2033,10,27,Octubre,Jueves,clases,
2033-10-28,2033,10,28,Octubre,Viernes,clases,
2033-10-29,2033,10,29,Octubre,Sábado,fin_semana,
2033-10-30,2033,10,30,Octubre,Domingo,fin_semana,
2033-10-31,2033,10,31,Octubre,Lunes,clases,
2033-11-01,2033,11,1,Noviembre,Martes,clases,
2033-11-02,2033,11,2,Noviembre,Miércoles,clases,
2033-11-03,2033,11,3,Noviembre,Jueves,clases,
2033-11-04,2033,11,4,Noviembre,Viernes,clases,
2033-11-05,2033,11,5,Noviembre,Sábado,fin_semana,
2033-11-06,2033,11,6,Noviembre,Domingo,fin_semana,
2033-11-07,2033,11,7,Noviembre,Lunes,clases,
2033-11-08,2033,11,8,Noviembre,Martes,clases,
2033-11-09,2033,11,9,Noviembre,Miércoles,clases,
2033-11-10,2033,11,10,Noviembre,Jueves,clases,
2033-11-11,2033,11,11,Noviembre,Viernes,clases,
2033-11-12,2033,11,12,Noviembre,Sábado,fin_semana,
2033-11-13,2033,11,13,Noviembre,Domingo,fin_semana,
2033-11-14,2033,11,14,Noviembre,Lunes,clases,
2033-11-15,2033,11,15,Noviembre,Martes,clases,
2033-11-16,2033,11,16,Noviembre,Miércoles,clases,
2033-11-17,2033,11,17,Noviembre,Jueves,clases,
2033-11-18,2033,11,18,Noviembre,Viernes,clases,
2033-11-19,2033,11,19,Noviembre,Sábado,fin_semana,
2033-11-20,2033,11,20,Noviembre,Domingo,fin_semana,
2033-11-21,2033,11,21,Noviembre,Lunes,feriado,Revolución Mexicana
2033-11-22,2033,11,22,Noviembre,Martes,clases,
2033-11-23,2033,11,23,Noviembre,Miércoles,clases,
2033-11-24,2033,11,24,Noviembre,Jueves,clases,
2033-11-25,2033,11,25,Noviembre,Viernes,clases,
2033-11-26,2033,11,26,Noviembre,Sábado,fin_semana,
2033-11-27,2033,11,27,Noviembre,Domingo,fin_semana,
2033-11-28,2033,11,28,Noviembre,Lunes,clases,
2033-11-29,2033,11,29,Noviembre,Martes,clases,
2033-11-30,2033,11,30,Noviembre,Miércoles,clases,
2033-12-01,2033,12,1,Diciembre,Jueves,clases,
2033-12-02,2033,12,2,Diciembre,Viernes,clases,
2033-12-03,2033,12,3,Diciembre,Sábado,fin_semana,
2033-12-04,2033,12,4,Diciembre,Domingo,fin_semana,
2033-12-05,2033,12,5,Diciembre,Lunes,clases,
2033-12-06,2033,12,6,Diciembre,Martes,clases,
2033-12-07,2033,12,7,Diciembre,Miércoles,clases,
2033-12-08,2033,12,8,Diciembre,Jueves,clases,
2033-12-09,2033,12,9,Diciembre,Viernes,clases,
2033-12-10,2033,12,10,Diciembre,Sábado,fin_semana,
2033-12-11,2033,12,11,Diciembre,Domingo,fin_semana,
2033-12-12,2033,12,12,Diciembre,Lunes,clases,
2033-12-13,2033,12,13,Diciembre,Martes,clases,
2033-12-14,2033,12,14,Diciembre,Miércoles,clases,
2033-12-15,2033,12,15,Diciembre,Jueves,clases,
2033-12-16,2033,12,16,Diciembre,Viernes,clases,
2033-12-17,2033,12,17,Diciembre,Sábado,fin_semana,
2033-12-18,2033,12,18,Diciembre,Domingo,fin_semana,
2033-12-19,2033,12,19,Diciembre,Lunes,clases,
2033-12-20,2033,12,20,Diciembre,Martes,clases,
2033-12-21,2033,12,21,Diciembre,Miércoles,clases,
2033-12-22,2033,12,22,Diciembre,Jueves,clases,
2033-12-23,2033,12,23,Diciembre,Viernes,clases,
2033-12-24,2033,12,24,Diciembre,Sábado,fin_semana,
2033-12-25,2033,12,25,Diciembre,Domingo,feriado,Navidad
2033-12-26,2033,12,26,Diciembre,Lunes,clases,
2033-12-27,2033,12,27,Diciembre,Martes,clases,
2033-12-28,2033,12,28,Diciembre,Miércoles,clases,
2033-12-29,2033,12,29,Diciembre,Jueves,clases,
2033-12-30,2033,12,30,Diciembre,Viernes,clases,
2033-12-31,2033,12,31,Diciembre,Sábado,fin_semana,
2034-01-01,2034,1,1,Enero,Domingo,feriado,Año Nuevo
2034-01-02,2034,1,2,Enero,Lunes,clases,
2034-01-03,2034,1,3,Enero,Martes,clases,
2034-01-04,2034,1,4,Enero,Miércoles,clases,
2034-01-05,2034,1,5,Enero,Jueves,clases,
2034-01-06,2034,1,6,Enero,Viernes,clases,
2034-01-07,2034,1,7,Enero,Sábado,fin_semana,
2034-01-08,2034,1,8,Enero,Domingo,fin_semana,
2034-01-09,2034,1,9,Enero,Lunes,clases,
2034-01-10,2034,1,10,Enero,Martes,clases,
2034-01-11,2034,1,11,Enero,Miércoles,clases,
2034-01-12,2034,1,12,Enero,Jueves,clases,
2034-01-13,2034,1,13,Enero,Viernes,clases,
2034-01-14,2034,1,14,Enero,Sábado,fin_semana,
2034-01-15,2034,1,15,Enero,Domingo,fin_semana,
2034-01-16,2034,1,16,Enero,Lunes,clases,
2034-01-17,2034,1,17,Enero,Martes,clases,
2034-01-18,2034,1,18,Enero,Miércoles,clases,
2034-01-19,2034,1,19,Enero,Jueves,clases,
2034-01-20,2034,1,20,Enero,Viernes,clases,
2034-01-21,2034,1,21,Enero,Sábado,fin_semana,
2034-01-22,2034,1,22,Enero,Domingo,fin_semana,
2034-01-23,2034,1,23,Enero,Lunes,clases,
2034-01-24,2034,1,24,Enero,Martes,clases,
2034-01-25,2034,1,25,Enero,Miércoles,clases,
2034-01-26,2034,1,26,Enero,Jueves,clases,
2034-01-27,2034,1,27,Enero,Viernes,clases,
2034-01-28,2034,1,28,Enero,Sábado,fin_semana,
2034-01-29,2034,1,29,Enero,Domingo,fin_semana,
2034-01-30,2034,1,30,Enero,Lunes,clases,
2034-01-31,2034,1,31,Enero,Martes,clases,
2034-02-01,2034,2,1,Febrero,Miércoles,clases,
2034-02-02,2034,2,2,Febrero,Jueves,clases,
2034-02-03,2034,2,3,Febrero,Viernes,clases,
2034-02-04,2034,2,4,Febrero,Sábado,fin_semana,
2034-02-05,2034,2,5,Febrero,Domingo,fin_semana,
2034-02-06,2034,2,6,Febrero,Lunes,feriado,Constitución
2034-02-07,2034,2,7,Febrero,Martes,clases,
2034-02-08,2034,2,8,Febrero,Miércoles,clases,
2034-02-09,2034,2,9,Febrero,Jueves,clases,
2034-02-10,2034,2,10,Febrero,Viernes,clases,
2034-02-11,2034,2,11,Febrero,Sábado,fin_semana,
2034-02-12,2034,2,12,Febrero,Domingo,fin_semana,
2034-02-13,2034,2,13,Febrero,Lunes,clases,
2034-02-14,2034,2,14,Febrero,Martes,clases,
2034-02-15,2034,2,15,Febrero,Miércoles,clases,
2034-02-16,2034,2,16,Febrero,Jueves,clases,
2034-02-17,2034,2,17,Febrero,Viernes,clases,
2034-02-18,2034,2,18,Febrero,Sábado,fin_semana,
2034-02-19,2034,2,19,Febrero,Domingo,fin_semana,
2034-02-20,2034,2,20,Febrero,Lunes,clases,
2034-02-21,2034,2,21,Febrero,Martes,clases,
2034-02-22,2034,2,22,Febrero,Miércoles,clases,
2034-02-23,2034,2,23,Febrero,Jueves,clases,
2034-02-24,2034,2,24,Febrero,Viernes,clases,
2034-02-25,2034,2,25,Febrero,Sábado,fin_semana,
2034-02-26,2034,2,26,Febrero,Domingo,fin_semana,
2034-02-27,2034,2,27,Febrero,Lunes,clases,
2034-02-28,2034,2,28,Febrero,Martes,clases,
2034-03-01,2034,3,1,Marzo,Miércoles,clases,
2034-03-02,2034,3,2,Marzo,Jueves,clases,
2034-03-03,2034,3,3,Marzo,Viernes,clases,
2034-03-04,2034,3,4,Marzo,Sábado,fin_semana,
2034-03-05,2034,3,5,Marzo,Domingo,fin_semana,
2034-03-06,2034,3,6,Marzo,Lunes,clases,
2034-03-07,2034,3,7,Marzo,Martes,clases,
2034-03-08,2034,3,8,Marzo,Miércoles,clases,
2034-03-09,2034,3,9,Marzo,Jueves,clases,
2034-03-10,2034,3,10,Marzo,Viernes,clases,
2034-03-11,2034,3,11,Marzo,Sábado,fin_semana,
2034-03-12,2034,3,12,Marzo,Domingo,fin_semana,
2034-03-13,2034,3,13,Marzo,Lunes,clases,
2034-03-14,2034,3,14,Marzo,Martes,clases,
2034-03-15,2034,3,15,Marzo,Miércoles,clases,
2034-03-16,2034,3,16,Marzo,Jueves,clases,
2034-03-17,2034,3,17,Marzo,Viernes,clases,
2034-03-18,2034,3,18,Marzo,Sábado,fin_semana,
2034-03-19,2034,3,19,Marzo,Domingo,fin_semana,
2034-03-20,2034,3,20,Marzo,Lunes,feriado,Benito Juárez
2034-03-21,2034,3,21,Marzo,Martes,clases,
2034-03-22,2034,3,22,Marzo,Miércoles,clases,
2034-03-23,2034,3,23,Marzo,Jueves,clases,
2034-03-24,2034,3,24,Marzo,Viernes,clases,
2034-03-25,2034,3,25,Marzo,Sábado,fin_semana,
2034-03-26,2034,3,26,Marzo,Domingo,fin_semana,
2034-03-27,2034,3,27,Marzo,Lunes,clases,
2034-03-28,2034,3,28,Marzo,Martes,clases,
2034-03-29,2034,3,29,Marzo,Miércoles,clases,
2034-03-30,2034,3,30,Marzo,Jueves,clases,
2034-03-31,2034,3,31,Marzo,Viernes,clases,
2034-04-01,2034,4,1,Abril,Sábado,fin_semana,
2034-04-02,2034,4,2,Abril,Domingo,fin_semana,
2034-04-03,2034,4,3,Abril,Lunes,clases,
2034-04-04,2034,4,4,Abril,Martes,clases,
2034-04-05,2034,4,5,Abril,Miércoles,clases,
2034-04-06,2034,4,6,Abril,Jueves,clases,
2034-04-07,2034,4,7,Abril,Viernes,clases,
2034-04-08,2034,4,8,Abril,Sábado,fin_semana,
2034-04-09,2034,4,9,Abril,Domingo,fin_semana,
2034-04-10,2034,4,10,Abril,Lunes,clases,
2034-04-11,2034,4,11,Abril,Martes,clases,
2034-04-12,2034,4,12,Abril,Miércoles,clases,
2034-04-13,2034,4,13,Abril,Jueves,clases,
2034-04-14,2034,4,14,Abril,Viernes,clases,
2034-04-15,2034,4,15,Abril,Sábado,fin_semana,
2034-04-16,2034,4,16,Abril,Domingo,fin_semana,
2034-04-17,2034,4,17,Abril,Lunes,clases,
2034-04-18,2034,4,18,Abril,Martes,clases,
2034-04-19,2034,4,19,Abril,Miércoles,clases,
2034-04-20,2034,4,20,Abril,Jueves,clases,
2034-04-21,2034,4,21,Abril,Viernes,clases,
2034-04-22,2034,4,22,Abril,Sábado,fin_semana,
2034-04-23,2034,4,23,Abril,Domingo,fin_semana,
2034-04-24,2034,4,24,Abril,Lunes,clases,
2034-04-25,2034,4,25,Abril,Martes,clases,
2034-04-26,2034,4,26,Abril,Miércoles,clases,
2034-04-27,2034,4,27,Abril,Jueves,clases,
2034-04-28,2034,4,28,Abril,Viernes,clases,
2034-04-29,2034,4,29,Abril,Sábado,fin_semana,
2034-04-30,2034,4,30,Abril,Domingo,fin_semana,
2034-05-01,2034,5,1,Mayo,Lunes,feriado,Día del Trabajo
2034-05-02,2034,5,2,Mayo,Martes,clases,
2034-05-03,2034,5,3,Mayo,Miércoles,clases,
2034-05-04,2034,5,4,Mayo,Jueves,clases,
2034-05-05,2034,5,5,Mayo,Viernes,clases,
2034-05-06,2034,5,6,Mayo,Sábado,fin_semana,
2034-05-07,2034,5,7,Mayo,Domingo,fin_semana,
2034-05-08,2034,5,8,Mayo,Lunes,clases,
2034-05-09,2034,5,9,Mayo,Martes,clases,
2034-05-10,2034,5,10,Mayo,Miércoles,clases,
2034-05-11,2034,5,11,Mayo,Jueves,clases,
2034-05-12,2034,5,12,Mayo,Viernes,clases,
2034-05-13,2034,5,13,Mayo,Sábado,fin_semana,
2034-05-14,2034,5,14,Mayo,Domingo,fin_semana,
2034-05-15,2034,5,15,Mayo,Lunes,clases,
2034-05-16,2034,5,16,Mayo,Martes,clases,
2034-05-17,2034,5,17,Mayo,Miércoles,clases,
2034-05-18,2034,5,18,Mayo,Jueves,clases,
2034-05-19,2034,5,19,Mayo,Viernes,clases,
2034-05-20,2034,5,20,Mayo,Sábado,fin_semana,
2034-05-21,2034,5,21,Mayo,Domingo,fin_semana,
2034-05-22,2034,5,22,Mayo,Lunes,clases,
2034-05-23,2034,5,23,Mayo,Martes,clases,
2034-05-24,2034,5,24,Mayo,Miércoles,clases,
2034-05-25,2034,5,25,Mayo,Jueves,clases,
2034-05-26,2034,5,26,Mayo,Viernes,clases,
2034-05-27,2034,5,27,Mayo,Sábado,fin_semana,
2034-05-28,2034,5,28,Mayo,Domingo,fin_semana,
2034-05-29,2034,5,29,Mayo,Lunes,clases,
2034-05-30,2034,5,30,Mayo,Martes,clases,
2034-05-31,2034,5,31,Mayo,Miércoles,clases,
2034-06-01,2034,6,1,Junio,Jueves,clases,
2034-06-02,2034,6,2,Junio,Viernes,clases,
2034-06-03,2034,6,3,Junio,Sábado,fin_semana,
2034-06-04,2034,6,4,Junio,Domingo,fin_semana,
2034-06-05,2034,6,5,Junio,Lunes,clases,
2034-06-06,2034,6,6,Junio,Martes,clases,
2034-06-07,2034,6,7,Junio,Miércoles,clases,
2034-06-08,2034,6,8,Junio,Jueves,clases,
2034-06-09,2034,6,9,Junio,Viernes,clases,
2034-06-10,2034,6,10,Junio,Sábado,fin_semana,
2034-06-11,2034,6,11,Junio,Domingo,fin_semana,
2034-06-12,2034,6,12,Junio,Lunes,clases,
2034-06-13,2034,6,13,Junio,Martes,clases,
2034-06-14,2034,6,14,Junio,Miércoles,clases,
2034-06-15,2034,6,15,Junio,Jueves,clases,
2034-06-16,2034,6,16,Junio,Viernes,clases,
2034-06-17,2034,6,17,Junio,Sábado,fin_semana,
2034-06-18,2034,6,18,Junio,Domingo,fin_semana,
2034-06-19,2034,6,19,Junio,Lunes,clases,
2034-06-20,2034,6,20,Junio,Martes,clases,
2034-06-21,2034,6,21,Junio,Miércoles,clases,
2034-06-22,2034,6,22,Junio,Jueves,clases,
2034-06-23,2034,6,23,Junio,Viernes,clases,
2034-06-24,2034,6,24,Junio,Sábado,fin_semana,
2034-06-25,2034,6,25,Junio,Domingo,fin_semana,
2034-06-26,2034,6,26,Junio,Lunes,clases,
2034-06-27,2034,6,27,Junio,Martes,clases,
2034-06-28,2034,6,28,Junio,Miércoles,clases,
2034-06-29,2034,6,29,Junio,Jueves,clases,
2034-06-30,2034,6,30,Junio,Viernes,clases,
2034-07-01,2034,7,1,Julio,Sábado,fin_semana,
2034-07-02,2034,7,2,Julio,Domingo,fin_semana,
2034-07-03,2034,7,3,Julio,Lunes,clases,
2034-07-04,2034,7,4,Julio,Martes,clases,
2034-07-05,2034,7,5,Julio,Miércoles,clases,
2034-07-06,2034,7,6,Julio,Jueves,clases,
2034-07-07,2034,7,7,Julio,Viernes,clases,
2034-07-08,2034,7,8,Julio,Sábado,fin_semana,
2034-07-09,2034,7,9,Julio,Domingo,fin_semana,
2034-07-10,2034,7,10,Julio,Lunes,clases,
2034-07-11,2034,7,11,Julio,Martes,clases,
2034-07-12,2034,7,12,Julio,Miércoles,clases,
2034-07-13,2034,7,13,Julio,Jueves,clases,
2034-07-14,2034,7,14,Julio,Viernes,clases,
2034-07-15,2034,7,15,Julio,Sábado,fin_semana,
2034-07-16,2034,7,16,Julio,Domingo,fin_semana,
2034-07-17,2034,7,17,Julio,Lunes,clases,
2034-07-18,2034,7,18,Julio,Martes,clases,
2034-07-19,2034,7,19,Julio,Miércoles,clases,
2034-07-20,2034,7,20,Julio,Jueves,clases,
2034-07-21,2034,7,21,Julio,Viernes,clases,
2034-07-22,2034,7,22,Julio,Sábado,fin_semana,
2034-07-23,2034,7,23,Julio,Domingo,fin_semana,
2034-07-24,2034,7,24,Julio,Lunes,clases,
2034-07-25,2034,7,25,Julio,Martes,clases,
2034-07-26,2034,7,26,Julio,Miércoles,clases,
2034-07-27,2034,7,27,Julio,Jueves,clases,
2034-07-28,2034,7,28,Julio,Viernes,clases,
2034-07-29,2034,7,29,Julio,Sábado,fin_semana,
2034-07-30,2034,7,30,Julio,Domingo,fin_semana,
2034-07-31,2034,7,31,Julio,Lunes,clases,
2034-08-01,2034,8,1,Agosto,Martes,clases,
2034-08-02,2034,8,2,Agosto,Miércoles,clases,
2034-08-03,2034,8,3,Agosto,Jueves,clases,
2034-08-04,2034,8,4,Agosto,Viernes,clases,
2034-08-05,2034,8,5,Agosto,Sábado,fin_semana,
2034-08-06,2034,8,6,Agosto,Domingo,fin_semana,
2034-08-07,2034,8,7,Agosto,Lunes,clases,
2034-08-08,2034,8,8,Agosto,Martes,clases,
2034-08-09,2034,8,9,Agosto,Miércoles,clases,
2034-08-10,2034,8,10,Agosto,Jueves,clases,
2034-08-11,2034,8,11,Agosto,Viernes,clases,
2034-08-12,2034,8,12,Agosto,Sábado,fin_semana,
2034-08-13,2034,8,13,Agosto,Domingo,fin_semana,
2034-08-14,2034,8,14,Agosto,Lunes,clases,
2034-08-15,2034,8,15,Agosto,Martes,clases,
2034-08-16,2034,8,16,Agosto,Miércoles,clases,
2034-08-17,2034,8,17,Agosto,Jueves,clases,
2034-08-18,2034,8,18,Agosto,Viernes,clases,
2034-08-19,2034,8,19,Agosto,Sábado,fin_semana,
2034-08-20,2034,8,20,Agosto,Domingo,fin_semana,
2034-08-21,2034,8,21,Agosto,Lunes,clases,
2034-08-22,2034,8,22,Agosto,Martes,clases,
2034-08-23,2034,8,23,Agosto,Miércoles,clases,
2034-08-24,2034,8,24,Agosto,Jueves,clases,
2034-08-25,2034,8,25,Agosto,Viernes,clases,
2034-08-26,2034,8,26,Agosto,Sábado,fin_semana,
2034-08-27,2034,8,27,Agosto,Domingo,fin_semana,
2034-08-28,2034,8,28,Agosto,Lunes,clases,
2034-08-29,2034,8,29,Agosto,Martes,clases,
2034-08-30,2034,8,30,Agosto,Miércoles,clases,
2034-08-31,2034,8,31,Agosto,Jueves,clases,
2034-09-01,2034,9,1,Septiembre,Viernes,clases,
2034-09-02,2034,9,2,Septiembre,Sábado,fin_semana,
2034-09-03,2034,9,3,Septiembre,Domingo,fin_semana,
2034-09-04,2034,9,4,Septiembre,Lunes,clases,
2034-09-05,2034,9,5,Septiembre,Martes,clases,
2034-09-06,2034,9,6,Septiembre,Miércoles,clases,
2034-09-07,2034,9,7,Septiembre,Jueves,clases,
2034-09-08,2034,9,8,Septiembre,Viernes,clases,
2034-09-09,2034,9,9,Septiembre,Sábado,fin_semana,
2034-09-10,2034,9,10,Septiembre,Domingo,fin_semana,
2034-09-11,2034,9,11,Septiembre,Lunes,clases,
2034-09-12,2034,9,12,Septiembre,Martes,clases,
2034-09-13,2034,9,13,Septiembre,Miércoles,clases,
2034-09-14,2034,9,14,Septiembre,Jueves,clases,
2034-09-15,2034,9,15,Septiembre,Viernes,clases,
2034-09-16,2034,9,16,Septiembre,Sábado,feriado,Independencia
2034-09-17,2034,9,17,Septiembre,Domingo,fin_semana,
2034-09-18,2034,9,18,Septiembre,Lunes,clases,
2034-09-19,2034,9,19,Septiembre,Martes,clases,
2034-09-20,2034,9,20,Septiembre,Miércoles,clases,
2034-09-21,2034,9,21,Septiembre,Jueves,clases,
2034-09-22,2034,9,22,Septiembre,Viernes,clases,
2034-09-23,2034,9,23,Septiembre,Sábado,fin_semana,
2034-09-24,2034,9,24,Septiembre,Domingo,fin_semana,
2034-09-25,2034,9,25,Septiembre,Lunes,clases,
2034-09-26,2034,9,26,Septiembre,Martes,clases,
2034-09-27,2034,9,27,Septiembre,Miércoles,clases,
2034-09-28,2034,9,28,Septiembre,Jueves,clases,
2034-09-29,2034,9,29,Septiembre,Viernes,clases,
2034-09-30,2034,9,30,Septiembre,Sábado,fin_semana,
2034-10-01,2034,10,1,Octubre,Domingo,fin_semana,
2034-10-02,2034,10,2,Octubre,Lunes,clases,
2034-10-03,2034,10,3,Octubre,Martes,clases,
2034-10-04,2034,10,4,Octubre,Miércoles,clases,
2034-10-05,2034,10,5,Octubre,Jueves,clases,
2034-10-06,2034,10,6,Octubre,Viernes,clases,
2034-10-07,2034,10,7,Octubre,Sábado,fin_semana,
2034-10-08,2034,10,8,Octubre,Domingo,fin_semana,
2034-10-09,2034,10,9,Octubre,Lunes,clases,
2034-10-10,2034,10,10,Octubre,Martes,clases,
2034-10-11,2034,10,11,Octubre,Miércoles,clases,
2034-10-12,2034,10,12,Octubre,Jueves,clases,
2034-10-13,2034,10,13,Octubre,Viernes,clases,
2034-10-14,2034,10,14,Octubre,Sábado,fin_semana,
2034-10-15,2034,10,15,Octubre,Domingo,fin_semana,
2034-10-16,2034,10,16,Octubre,Lunes,clases,
2034-10-17,2034,10,17,Octubre,Martes,clases,
2034-10-18,2034,10,18,Octubre,Miércoles,clases,
2034-10-19,2034,10,19,Octubre,Jueves,clases,
2034-10-20,2034,10,20,Octubre,Viernes,clases,
2034-10-21,2034,10,21,Octubre,Sábado,fin_semana,
2034-10-22,2034,10,22,Octubre,Domingo,fin_semana,
2034-10-23,2034,10,23,Octubre,Lunes,clases,
2034-10-24,2034,10,24,Octubre,Martes,clases,
2034-10-25,2034,10,25,Octubre,Miércoles,clases,
2034-10-26,2034,10,26,Octubre,Jueves,clases,
2034-10-27,2034,10,27,Octubre,Viernes,clases,
2034-10-28,2034,10,28,Octubre,Sábado,fin_semana,
2034-10-29,2034,10,29,Octubre,Domingo,fin_semana,
2034-10-30,2034,10,30,Octubre,Lunes,clases,
2034-10-31,2034,10,31,Octubre,Martes,clases,
2034-11-01,2034,11,1,Noviembre,Miércoles,clases,
2034-11-02,2034,11,2,Noviembre,Jueves,clases,
2034-11-03,2034,11,3,Noviembre,Viernes,clases,
2034-11-04,2034,11,4,Noviembre,Sábado,fin_semana,
2034-11-05,2034,11,5,Noviembre,Domingo,fin_semana,
2034-11-06,2034,11,6,Noviembre,Lunes,clases,
2034-11-07,2034,11,7,Noviembre,Martes,clases,
2034-11-08,2034,11,8,Noviembre,Miércoles,clases,
2034-11-09,2034,11,9,Noviembre,Jueves,clases,
2034-11-10,2034,11,10,Noviembre,Viernes,clases,
2034-11-11,2034,11,11,Noviembre,Sábado,fin_semana,
2034-11-12,2034,11,12,Noviembre,Domingo,fin_semana,
2034-11-13,2034,11,13,Noviembre,Lunes,clases,
2034-11-14,2034,11,14,Noviembre,Martes,clases,
2034-11-15,2034,11,15,Noviembre,Miércoles,clases,
2034-11-16,2034,11,16,Noviembre,Jueves,clases,
2034-11-17,2034,11,17,Noviembre,Viernes,clases,
2034-11-18,2034,11,18,Noviembre,Sábado,fin_semana,
2034-11-19,2034,11,19,Noviembre,Domingo,fin_semana,
2034-11-20,2034,11,20,Noviembre,Lunes,feriado,Revolución Mexicana
2034-11-21,2034,11,21,Noviembre,Martes,clases,
2034-11-22,2034,11,22,Noviembre,Miércoles,clases,
2034-11-23,2034,11,23,Noviembre,Jueves,clases,
2034-11-24,2034,11,24,Noviembre,Viernes,clases,
2034-11-25,2034,11,25,Noviembre,Sábado,fin_semana,
2034-11-26,2034,11,26,Noviembre,Domingo,fin_semana,
2034-11-27,2034,11,27,Noviembre,Lunes,clases,
2034-11-28,2034,11,28,Noviembre,Martes,clases,
2034-11-29,2034,11,29,Noviembre,Miércoles,clases,
2034-11-30,2034,11,30,Noviembre,Jueves,clases,
2034-12-01,2034,12,1,Diciembre,Viernes,clases,
2034-12-02,2034,12,2,Diciembre,Sábado,fin_semana,
2034-12-03,2034,12,3,Diciembre,Domingo,fin_semana,
2034-12-04,2034,12,4,Diciembre,Lunes,clases,
2034-12-05,2034,12,5,Diciembre,Martes,clases,
2034-12-06,2034,12,6,Diciembre,Miércoles,clases,
2034-12-07,2034,12,7,Diciembre,Jueves,clases,
2034-12-08,2034,12,8,Diciembre,Viernes,clases,
2034-12-09,2034,12,9,Diciembre,Sábado,fin_semana,
2034-12-10,2034,12,10,Diciembre,Domingo,fin_semana,
2034-12-11,2034,12,11,Diciembre,Lunes,clases,
2034-12-12,2034,12,12,Diciembre,Martes,clases,
2034-12-13,2034,12,13,Diciembre,Miércoles,clases,
2034-12-14,2034,12,14,Diciembre,Jueves,clases,
2034-12-15,2034,12,15,Diciembre,Viernes,clases,
2034-12-16,2034,12,16,Diciembre,Sábado,fin_semana,
2034-12-17,2034,12,17,Diciembre,Domingo,fin_semana,
2034-12-18,2034,12,18,Diciembre,Lunes,clases,
2034-12-19,2034,12,19,Diciembre,Martes,clases,
2034-12-20,2034,12,20,Diciembre,Miércoles,clases,
2034-12-21,2034,12,21,Diciembre,Jueves,clases,
2034-12-22,2034,12,22,Diciembre,Viernes,clases,
2034-12-23,2034,12,23,Diciembre,Sábado,fin_semana,
2034-12-24,2034,12,24,Diciembre,Domingo,fin_semana,
2034-12-25,2034,12,25,Diciembre,Lunes,feriado,Navidad
2034-12-26,2034,12,26,Diciembre,Martes,clases,
2034-12-27,2034,12,27,Diciembre,Miércoles,clases,
2034-12-28,2034,12,28,Diciembre,Jueves,clases,
2034-12-29,2034,12,29,Diciembre,Viernes,clases,
2034-12-30,2034,12,30,Diciembre,Sábado,fin_semana,
2034-12-31,2034,12,31,Diciembre,Domingo,fin_semana,
2035-01-01,2035,1,1,Enero,Lunes,feriado,Año Nuevo
2035-01-02,2035,1,2,Enero,Martes,clases,
2035-01-03,2035,1,3,Enero,Miércoles,clases,
2035-01-04,2035,1,4,Enero,Jueves,clases,
2035-01-05,2035,1,5,Enero,Viernes,clases,
2035-01-06,2035,1,6,Enero,Sábado,fin_semana,
2035-01-07,2035,1,7,Enero,Domingo,fin_semana,
2035-01-08,2035,1,8,Enero,Lunes,clases,
2035-01-09,2035,1,9,Enero,Martes,clases,
2035-01-10,2035,1,10,Enero,Miércoles,clases,
2035-01-11,2035,1,11,Enero,Jueves,clases,
2035-01-12,2035,1,12,Enero,Viernes,clases,
2035-01-13,2035,1,13,Enero,Sábado,fin_semana,
2035-01-14,2035,1,14,Enero,Domingo,fin_semana,
2035-01-15,2035,1,15,Enero,Lunes,clases,
2035-01-16,2035,1,16,Enero,Martes,clases,
2035-01-17,2035,1,17,Enero,Miércoles,clases,
2035-01-18,2035,1,18,Enero,Jueves,clases,
2035-01-19,2035,1,19,Enero,Viernes,clases,
2035-01-20,2035,1,20,Enero,Sábado,fin_semana,
2035-01-21,2035,1,21,Enero,Domingo,fin_semana,
2035-01-22,2035,1,22,Enero,Lunes,clases,
2035-01-23,2035,1,23,Enero,Martes,clases,
2035-01-24,2035,1,24,Enero,Miércoles,clases,
2035-01-25,2035,1,25,Enero,Jueves,clases,
2035-01-26,2035,1,26,Enero,Viernes,clases,
2035-01-27,2035,1,27,Enero,Sábado,fin_semana,
2035-01-28,2035,1,28,Enero,Domingo,fin_semana,
2035-01-29,2035,1,29,Enero,Lunes,clases,
2035-01-30,2035,1,30,Enero,Martes,clases,
2035-01-31,2035,1,31,Enero,Miércoles,clases,
2035-02-01,2035,2,1,Febrero,Jueves,clases,
2035-02-02,2035,2,2,Febrero,Viernes,clases,
2035-02-03,2035,2,3,Febrero,Sábado,fin_semana,
2035-02-04,2035,2,4,Febrero,Domingo,fin_semana,
2035-02-05,2035,2,5,Febrero,Lunes,feriado,Constitución
2035-02-06,2035,2,6,Febrero,Martes,clases,
2035-02-07,2035,2,7,Febrero,Miércoles,clases,
2035-02-08,2035,2,8,Febrero,Jueves,clases,
2035-02-09,2035,2,9,Febrero,Viernes,clases,
2035-02-10,2035,2,10,Febrero,Sábado,fin_semana,
2035-02-11,2035,2,11,Febrero,Domingo,fin_semana,
2035-02-12,2035,2,12,Febrero,Lunes,clases,
2035-02-13,2035,2,13,Febrero,Martes,clases,
2035-02-14,2035,2,14,Febrero,Miércoles,clases,
2035-02-15,2035,2,15,Febrero,Jueves,clases,
2035-02-16,2035,2,16,Febrero,Viernes,clases,
2035-02-17,2035,2,17,Febrero,Sábado,fin_semana,
2035-02-18,2035,2,18,Febrero,Domingo,fin_semana,
2035-02-19,2035,2,19,Febrero,Lunes,clases,
2035-02-20,2035,2,20,Febrero,Martes,clases,
2035-02-21,2035,2,21,Febrero,Miércoles,clases,
2035-02-22,2035,2,22,Febrero,Jueves,clases,
2035-02-23,2035,2,23,Febrero,Viernes,clases,
2035-02-24,2035,2,24,Febrero,Sábado,fin_semana,
2035-02-25,2035,2,25,Febrero,Domingo,fin_semana,
2035-02-26,2035,2,26,Febrero,Lunes,clases,
2035-02-27,2035,2,27,Febrero,Martes,clases,
2035-02-28,2035,2,28,Febrero,Miércoles,clases,
2035-03-01,2035,3,1,Marzo,Jueves,clases,
2035-03-02,2035,3,2,Marzo,Viernes,clases,
2035-03-03,2035,3,3,Marzo,Sábado,fin_semana,
2035-03-04,2035,3,4,Marzo,Domingo,fin_semana,
2035-03-05,2035,3,5,Marzo,Lunes,clases,
2035-03-06,2035,3,6,Marzo,Martes,clases,
2035-03-07,2035,3,7,Marzo,Miércoles,clases,
2035-03-08,2035,3,8,Marzo,Jueves,clases,
2035-03-09,2035,3,9,Marzo,Viernes,clases,
2035-03-10,2035,3,10,Marzo,Sábado,fin_semana,
2035-03-11,2035,3,11,Marzo,Domingo,fin_semana,
2035-03-12,2035,3,12,Marzo,Lunes,clases,
2035-03-13,2035,3,13,Marzo,Martes,clases,
2035-03-14,2035,3,14,Marzo,Miércoles,clases,
2035-03-15,2035,3,15,Marzo,Jueves,clases,
2035-03-16,2035,3,16,Marzo,Viernes,clases,
2035-03-17,2035,3,17,Marzo,Sábado,fin_semana,
2035-03-18,2035,3,18,Marzo,Domingo,fin_semana,
2035-03-19,2035,3,19,Marzo,Lunes,feriado,Benito Juárez
2035-03-20,2035,3,20,Marzo,Martes,clases,
2035-03-21,2035,3,21,Marzo,Miércoles,clases,
2035-03-22,2035,3,22,Marzo,Jueves,clases,
2035-03-23,2035,3,23,Marzo,Viernes,clases,
2035-03-24,2035,3,24,Marzo,Sábado,fin_semana,
2035-03-25,2035,3,25,Marzo,Domingo,fin_semana,
2035-03-26,2035,3,26,Marzo,Lunes,clases,
2035-03-27,2035,3,27,Marzo,Martes,clases,
2035-03-28,2035,3,28,Marzo,Miércoles,clases,
2035-03-29,2035,3,29,Marzo,Jueves,clases,
2035-03-30,2035,3,30,Marzo,Viernes,clases,
2035-03-31,2035,3,31,Marzo,Sábado,fin_semana,
2035-04-01,2035,4,1,Abril,Domingo,fin_semana,
2035-04-02,2035,4,2,Abril,Lunes,clases,
2035-04-03,2035,4,3,Abril,Martes,clases,
2035-04-04,2035,4,4,Abril,Miércoles,clases,
2035-04-05,2035,4,5,Abril,Jueves,clases,
2035-04-06,2035,4,6,Abril,Viernes,clases,
2035-04-07,2035,4,7,Abril,Sábado,fin_semana,
2035-04-08,2035,4,8,Abril,Domingo,fin_semana,
2035-04-09,2035,4,9,Abril,Lunes,clases,
2035-04-10,2035,4,10,Abril,Martes,clases,
2035-04-11,2035,4,11,Abril,Miércoles,clases,
2035-04-12,2035,4,12,Abril,Jueves,clases,
2035-04-13,2035,4,13,Abril,Viernes,clases,
2035-04-14,2035,4,14,Abril,Sábado,fin_semana,
2035-04-15,2035,4,15,Abril,Domingo,fin_semana,
2035-04-16,2035,4,16,Abril,Lunes,clases,
2035-04-17,2035,4,17,Abril,Martes,clases,
2035-04-18,2035,4,18,Abril,Miércoles,clases,
2035-04-19,2035,4,19,Abril,Jueves,clases,
2035-04-20,2035,4,20,Abril,Viernes,clases,
2035-04-21,2035,4,21,Abril,Sábado,fin_semana,
2035-04-22,2035,4,22,Abril,Domingo,fin_semana,
2035-04-23,2035,4,23,Abril,Lunes,clases,
2035-04-24,2035,4,24,Abril,Martes,clases,
2035-04-25,2035,4,25,Abril,Miércoles,clases,
2035-04-26,2035,4,26,Abril,Jueves,clases,
2035-04-27,2035,4,27,Abril,Viernes,clases,
2035-04-28,2035,4,28,Abril,Sábado,fin_semana,
2035-04-29,2035,4,29,Abril,Domingo,fin_semana,
2035-04-30,2035,4,30,Abril,Lunes,clases,
2035-05-01,2035,5,1,Mayo,Martes,feriado,Día del Trabajo
2035-05-02,2035,5,2,Mayo,Miércoles,clases,
2035-05-03,2035,5,3,Mayo,Jueves,clases,
2035-05-04,2035,5,4,Mayo,Viernes,clases,
2035-05-05,2035,5,5,Mayo,Sábado,fin_semana,
2035-05-06,2035,5,6,Mayo,Domingo,fin_semana,
2035-05-07,2035,5,7,Mayo,Lunes,clases,
2035-05-08,2035,5,8,Mayo,Martes,clases,
2035-05-09,2035,5,9,Mayo,Miércoles,clases,
2035-05-10,2035,5,10,Mayo,Jueves,clases,
2035-05-11,2035,5,11,Mayo,Viernes,clases,
2035-05-12,2035,5,12,Mayo,Sábado,fin_semana,
2035-05-13,2035,5,13,Mayo,Domingo,fin_semana,
2035-05-14,2035,5,14,Mayo,Lunes,clases,
2035-05-15,2035,5,15,Mayo,Martes,clases,
2035-05-16,2035,5,16,Mayo,Miércoles,clases,
2035-05-17,2035,5,17,Mayo,Jueves,clases,
2035-05-18,2035,5,18,Mayo,Viernes,clases,
2035-05-19,2035,5,19,Mayo,Sábado,fin_semana,
2035-05-20,2035,5,20,Mayo,Domingo,fin_semana,
2035-05-21,2035,5,21,Mayo,Lunes,clases,
2035-05-22,2035,5,22,Mayo,Martes,clases,
2035-05-23,2035,5,23,Mayo,Miércoles,clases,
2035-05-24,2035,5,24,Mayo,Jueves,clases,
2035-05-25,2035,5,25,Mayo,Viernes,clases,
2035-05-26,2035,5,26,Mayo,Sábado,fin_semana,
2035-05-27,2035,5,27,Mayo,Domingo,fin_semana,
2035-05-28,2035,5,28,Mayo,Lunes,clases,
2035-05-29,2035,5,29,Mayo,Martes,clases,
2035-05-30,2035,5,30,Mayo,Miércoles,clases,
2035-05-31,2035,5,31,Mayo,Jueves,clases,
2035-06-01,2035,6,1,Junio,Viernes,clases,
2035-06-02,2035,6,2,Junio,Sábado,fin_semana,
2035-06-03,2035,6,3,Junio,Domingo,fin_semana,
2035-06-04,2035,6,4,Junio,Lunes,clases,
2035-06-05,2035,6,5,Junio,Martes,clases,
2035-06-06,2035,6,6,Junio,Miércoles,clases,
2035-06-07,2035,6,7,Junio,Jueves,clases,
2035-06-08,2035,6,8,Junio,Viernes,clases,
2035-06-09,2035,6,9,Junio,Sábado,fin_semana,
2035-06-10,2035,6,10,Junio,Domingo,fin_semana,
2035-06-11,2035,6,11,Junio,Lunes,clases,
2035-06-12,2035,6,12,Junio,Martes,clases,
2035-06-13,2035,6,13,Junio,Miércoles,clases,
2035-06-14,2035,6,14,Junio,Jueves,clases,
2035-06-15,2035,6,15,Junio,Viernes,clases,
2035-06-16,2035,6,16,Junio,Sábado,fin_semana,
2035-06-17,2035,6,17,Junio,Domingo,fin_semana,
2035-06-18,2035,6,18,Junio,Lunes,clases,
2035-06-19,2035,6,19,Junio,Martes,clases,
2035-06-20,2035,6,20,Junio,Miércoles,clases,
2035-06-21,2035,6,21,Junio,Jueves,clases,
2035-06-22,2035,6,22,Junio,Viernes,clases,
2035-06-23,2035,6,23,Junio,Sábado,fin_semana,
2035-06-24,2035,6,24,Junio,Domingo,fin_semana,
2035-06-25,2035,6,25,Junio,Lunes,clases,
2035-06-26,2035,6,26,Junio,Martes,clases,
2035-06-27,2035,6,27,Junio,Miércoles,clases,
2035-06-28,2035,6,28,Junio,Jueves,clases,
2035-06-29,2035,6,29,Junio,Viernes,clases,
2035-06-30,2035,6,30,Junio,Sábado,fin_semana,
2035-07-01,2035,7,1,Julio,Domingo,fin_semana,
2035-07-02,2035,7,2,Julio,Lunes,clases,
2035-07-03,2035,7,3,Julio,Martes,clases,
2035-07-04,2035,7,4,Julio,Miércoles,clases,
2035-07-05,2035,7,5,Julio,Jueves,clases,
2035-07-06,2035,7,6,Julio,Viernes,clases,
2035-07-07,2035,7,7,Julio,Sábado,fin_semana,
2035-07-08,2035,7,8,Julio,Domingo,fin_semana,
2035-07-09,2035,7,9,Julio,Lunes,clases,
2035-07-10,2035,7,10,Julio,Martes,clases,
2035-07-11,2035,7,11,Julio,Miércoles,clases,
2035-07-12,2035,7,12,Julio,Jueves,clases,
2035-07-13,2035,7,13,Julio,Viernes,clases,
2035-07-14,2035,7,14,Julio,Sábado,fin_semana,
2035-07-15,2035,7,15,Julio,Domingo,fin_semana,
2035-07-16,2035,7,16,Julio,Lunes,clases,
2035-07-17,2035,7,17,Julio,Martes,clases,
2035-07-18,2035,7,18,Julio,Miércoles,clases,
2035-07-19,2035,7,19,Julio,Jueves,clases,
2035-07-20,2035,7,20,Julio,Viernes,clases,
2035-07-21,2035,7,21,Julio,Sábado,fin_semana,
2035-07-22,2035,7,22,Julio,Domingo,fin_semana,
2035-07-23,2035,7,23,Julio,Lunes,clases,
2035-07-24,2035,7,24,Julio,Martes,clases,
2035-07-25,2035,7,25,Julio,Miércoles,clases,
2035-07-26,2035,7,26,Julio,Jueves,clases,
2035-07-27,2035,7,27,Julio,Viernes,clases,
2035-07-28,2035,7,28,Julio,Sábado,fin_semana,
2035-07-29,2035,7,29,Julio,Domingo,fin_semana,
2035-07-30,2035,7,30,Julio,Lunes,clases,
2035-07-31,2035,7,31,Julio,Martes,clases,
2035-08-01,2035,8,1,Agosto,Miércoles,clases,
2035-08-02,2035,8,2,Agosto,Jueves,clases,
2035-08-03,2035,8,3,Agosto,Viernes,clases,
2035-08-04,2035,8,4,Agosto,Sábado,fin_semana,
2035-08-05,2035,8,5,Agosto,Domingo,fin_semana,
2035-08-06,2035,8,6,Agosto,Lunes,clases,
2035-08-07,2035,8,7,Agosto,Martes,clases,
2035-08-08,2035,8,8,Agosto,Miércoles,clases,
2035-08-09,2035,8,9,Agosto,Jueves,clases,
2035-08-10,2035,8,10,Agosto,Viernes,clases,
2035-08-11,2035,8,11,Agosto,Sábado,fin_semana,
2035-08-12,2035,8,12,Agosto,Domingo,fin_semana,
2035-08-13,2035,8,13,Agosto,Lunes,clases,
2035-08-14,2035,8,14,Agosto,Martes,clases,
2035-08-15,2035,8,15,Agosto,Miércoles,clases,
2035-08-16,2035,8,16,Agosto,Jueves,clases,
2035-08-17,2035,8,17,Agosto,Viernes,clases,
2035-08-18,2035,8,18,Agosto,Sábado,fin_semana,
2035-08-19,2035,8,19,Agosto,Domingo,fin_semana,
2035-08-20,2035,8,20,Agosto,Lunes,clases,
2035-08-21,2035,8,21,Agosto,Martes,clases,
2035-08-22,2035,8,22,Agosto,Miércoles,clases,
2035-08-23,2035,8,23,Agosto,Jueves,clases,
2035-08-24,2035,8,24,Agosto,Viernes,clases,
2035-08-25,2035,8,25,Agosto,Sábado,fin_semana,
2035-08-26,2035,8,26,Agosto,Domingo,fin_semana,
2035-08-27,2035,8,27,Agosto,Lunes,clases,
2035-08-28,2035,8,28,Agosto,Martes,clases,
2035-08-29,2035,8,29,Agosto,Miércoles,clases,
2035-08-30,2035,8,30,Agosto,Jueves,clases,
2035-08-31,2035,8,31,Agosto,Viernes,clases,
2035-09-01,2035,9,1,Septiembre,Sábado,fin_semana,
2035-09-02,2035,9,2,Septiembre,Domingo,fin_semana,
2035-09-03,2035,9,3,Septiembre,Lunes,clases,
2035-09-04,2035,9,4,Septiembre,Martes,clases,
2035-09-05,2035,9,5,Septiembre,Miércoles,clases,
2035-09-06,2035,9,6,Septiembre,Jueves,clases,
2035-09-07,2035,9,7,Septiembre,Viernes,clases,
2035-09-08,2035,9,8,Septiembre,Sábado,fin_semana,
2035-09-09,2035,9,9,Septiembre,Domingo,fin_semana,
2035-09-10,2035,9,10,Septiembre,Lunes,clases,
2035-09-11,2035,9,11,Septiembre,Martes,clases,
2035-09-12,2035,9,12,Septiembre,Miércoles,clases,
2035-09-13,2035,9,13,Septiembre,Jueves,clases,
2035-09-14,2035,9,14,Septiembre,Viernes,clases,
2035-09-15,2035,9,15,Septiembre,Sábado,fin_semana,
2035-09-16,2035,9,16,Septiembre,Domingo,feriado,Independencia
2035-09-17,2035,9,17,Septiembre,Lunes,clases,
2035-09-18,2035,9,18,Septiembre,Martes,clases,
2035-09-19,2035,9,19,Septiembre,Miércoles,clases,
2035-09-20,2035,9,20,Septiembre,Jueves,clases,
2035-09-21,2035,9,21,Septiembre,Viernes,clases,
2035-09-22,2035,9,22,Septiembre,Sábado,fin_semana,
2035-09-23,2035,9,23,Septiembre,Domingo,fin_semana,
2035-09-24,2035,9,24,Septiembre,Lunes,clases,
2035-09-25,2035,9,25,Septiembre,Martes,clases,
2035-09-26,2035,9,26,Septiembre,Miércoles,clases,
2035-09-27,2035,9,27,Septiembre,Jueves,clases,
2035-09-28,2035,9,28,Septiembre,Viernes,clases,
2035-09-29,2035,9,29,Septiembre,Sábado,fin_semana,
2035-09-30,2035,9,30,Septiembre,Domingo,fin_semana,
2035-10-01,2035,10,1,Octubre,Lunes,clases,
2035-10-02,2035,10,2,Octubre,Martes,clases,
2035-10-03,2035,10,3,Octubre,Miércoles,clases,
2035-10-04,2035,10,4,Octubre,Jueves,clases,
2035-10-05,2035,10,5,Octubre,Viernes,clases,
2035-10-06,2035,10,6,Octubre,Sábado,fin_semana,
2035-10-07,2035,10,7,Octubre,Domingo,fin_semana,
2035-10-08,2035,10,8,Octubre,Lunes,clases,
2035-10-09,2035,10,9,Octubre,Martes,clases,
2035-10-10,2035,10,10,Octubre,Miércoles,clases,
2035-10-11,2035,10,11,Octubre,Jueves,clases,
2035-10-12,2035,10,12,Octubre,Viernes,clases,
2035-10-13,2035,10,13,Octubre,Sábado,fin_semana,
2035-10-14,2035,10,14,Octubre,Domingo,fin_semana,
2035-10-15,2035,10,15,Octubre,Lunes,clases,
2035-10-16,2035,10,16,Octubre,Martes,clases,
2035-10-17,2035,10,17,Octubre,Miércoles,clases,
2035-10-18,2035,10,18,Octubre,Jueves,clases,
2035-10-19,2035,10,19,Octubre,Viernes,clases,
2035-10-20,2035,10,20,Octubre,Sábado,fin_semana,
2035-10-21,2035,10,21,Octubre,Domingo,fin_semana,
2035-10-22,2035,10,22,Octubre,Lunes,clases,
2035-10-23,2035,10,23,Octubre,Martes,clases,
2035-10-24,2035,10,24,Octubre,Miércoles,clases,
2035-10-25,2035,10,25,Octubre,Jueves,clases,
2035-10-26,2035,10,26,Octubre,Viernes,clases,
2035-10-27,2035,10,27,Octubre,Sábado,fin_semana,
2035-10-28,2035,10,28,Octubre,Domingo,fin_semana,
2035-10-29,2035,10,29,Octubre,Lunes,clases,
2035-10-30,2035,10,30,Octubre,Martes,clases,
2035-10-31,2035,10,31,Octubre,Miércoles,clases,
2035-11-01,2035,11,1,Noviembre,Jueves,clases,
2035-11-02,2035,11,2,Noviembre,Viernes,clases,
2035-11-03,2035,11,3,Noviembre,Sábado,fin_semana,
2035-11-04,2035,11,4,Noviembre,Domingo,fin_semana,
2035-11-05,2035,11,5,Noviembre,Lunes,clases,
2035-11-06,2035,11,6,Noviembre,Martes,clases,
2035-11-07,2035,11,7,Noviembre,Miércoles,clases,
2035-11-08,2035,11,8,Noviembre,Jueves,clases,
2035-11-09,2035,11,9,Noviembre,Viernes,clases,
2035-11-10,2035,11,10,Noviembre,Sábado,fin_semana,
2035-11-11,2035,11,11,Noviembre,Domingo,fin_semana,
2035-11-12,2035,11,12,Noviembre,Lunes,clases,
2035-11-13,2035,11,13,Noviembre,Martes,clases,
2035-11-14,2035,11,14,Noviembre,Miércoles,clases,
2035-11-15,2035,11,15,Noviembre,Jueves,clases,
2035-11-16,2035,11,16,Noviembre,Viernes,clases,
2035-11-17,2035,11,17,Noviembre,Sábado,fin_semana,
2035-11-18,2035,11,18,Noviembre,Domingo,fin_semana,
2035-11-19,2035,11,19,Noviembre,Lunes,feriado,Revolución Mexicana
2035-11-20,2035,11,20,Noviembre,Martes,clases,
2035-11-21,2035,11,21,Noviembre,Miércoles,clases,
2035-11-22,2035,11,22,Noviembre,Jueves,clases,
2035-11-23,2035,11,23,Noviembre,Viernes,clases,
2035-11-24,2035,11,24,Noviembre,Sábado,fin_semana,
2035-11-25,2035,11,25,Noviembre,Domingo,fin_semana,
2035-11-26,2035,11,26,Noviembre,Lunes,clases,
2035-11-27,2035,11,27,Noviembre,Martes,clases,
2035-11-28,2035,11,28,Noviembre,Miércoles,clases,
2035-11-29,2035,11,29,Noviembre,Jueves,clases,
2035-11-30,2035,11,30,Noviembre,Viernes,clases,
2035-12-01,2035,12,1,Diciembre,Sábado,fin_semana,
2035-12-02,2035,12,2,Diciembre,Domingo,fin_semana,
2035-12-03,2035,12,3,Diciembre,Lunes,clases,
2035-12-04,2035,12,4,Diciembre,Martes,clases,
2035-12-05,2035,12,5,Diciembre,Miércoles,clases,
2035-12-06,2035,12,6,Diciembre,Jueves,clases,
2035-12-07,2035,12,7,Diciembre,Viernes,clases,
2035-12-08,2035,12,8,Diciembre,Sábado,fin_semana,
2035-12-09,2035,12,9,Diciembre,Domingo,fin_semana,
2035-12-10,2035,12,10,Diciembre,Lunes,clases,
2035-12-11,2035,12,11,Diciembre,Martes,clases,
2035-12-12,2035,12,12,Diciembre,Miércoles,clases,
2035-12-13,2035,12,13,Diciembre,Jueves,clases,
2035-12-14,2035,12,14,Diciembre,Viernes,clases,
2035-12-15,2035,12,15,Diciembre,Sábado,fin_semana,
2035-12-16,2035,12,16,Diciembre,Domingo,fin_semana,
2035-12-17,2035,12,17,Diciembre,Lunes,clases,
2035-12-18,2035,12,18,Diciembre,Martes,clases,
2035-12-19,2035,12,19,Diciembre,Miércoles,clases,
2035-12-20,2035,12,20,Diciembre,Jueves,clases,
2035-12-21,2035,12,21,Diciembre,Viernes,clases,
2035-12-22,2035,12,22,Diciembre,Sábado,fin_semana,
2035-12-23,2035,12,23,Diciembre,Domingo,fin_semana,
2035-12-24,2035,12,24,Diciembre,Lunes,clases,
2035-12-25,2035,12,25,Diciembre,Martes,feriado,Navidad
2035-12-26,2035,12,26,Diciembre,Miércoles,clases,
2035-12-27,2035,12,27,Diciembre,Jueves,clases,
2035-12-28,2035,12,28,Diciembre,Viernes,clases,
2035-12-29,2035,12,29,Diciembre,Sábado,fin_semana,
2035-12-30,2035,12,30,Diciembre,Domingo,fin_semana,
2035-12-31,2035,12,31,Diciembre,Lunes,clases,
